programme,international_name,institution,official_programme_code,provider_id,degree,study_load,locations,languages,official_websites,rio_rows,all_registered_names,pilot_seed,pilot_match_score,status_checked,status_source
Criminologie,,Erasmus Universiteit Rotterdam,56469,114A337,BACHELOR,180,,NLD,https://www.eur.nl/bachelor/criminologie,1,Criminologie,,,2026-08-21,DUO RIO HO Opleidingsoverzicht
Filosofie van een Bepaald Wetenschapsgebied,Philosophy of a Specific Discipline,Erasmus Universiteit Rotterdam,57084,114A337,BACHELOR,180,,NLD,https://www.eur.nl/bachelor/bachelor-philosophy-specific-discipline,1,Filosofie van een Bepaald Wetenschapsgebied | Philosophy of a Specific Discipline,,,2026-08-21,DUO RIO HO Opleidingsoverzicht
Fiscaal Recht,Tax Law,Erasmus Universiteit Rotterdam,56827,114A337,BACHELOR,180,,NLD,https://www.eur.nl/bachelor/fiscaal-recht,1,Fiscaal Recht | Tax Law,,,2026-08-21,DUO RIO HO Opleidingsoverzicht
International Bachelor's Programme in Communication and Media,,Erasmus Universiteit Rotterdam,50374,114A337,BACHELOR,180,,NLD,,1,International Bachelor's Programme in Communication and Media | Premaster Media Studies,,,2026-08-21,DUO RIO HO Opleidingsoverzicht
Liberal Arts and Sciences,Liberal Arts and Sciences,Erasmus Universiteit Rotterdam,50393,114A337,BACHELOR,180,,ENG,https://www.eur.nl/en/bachelor/liberal-arts-and-sciences,2,Liberal Arts and Sciences,,,2026-08-21,DUO RIO HO Opleidingsoverzicht
Theologie,,Protestantse Theologische Universiteit,56109,113A908,BACHELOR,180,Utrecht,,,1,Theologie,,,2026-08-21,DUO RIO HO Opleidingsoverzicht
Theologie (joint degree),Theology (joint degree),Protestantse Theologische Universiteit,55004,113A908,BACHELOR,180,Amsterdam,,,1,Theologie (joint degree) | Theology (joint degree),,,2026-08-21,DUO RIO HO Opleidingsoverzicht
Filosofie,Philosophy,Radboud Universiteit Nijmegen (RU) Faculteit der FTR,56081,114A122,BACHELOR,180,Nijmegen,NLD,,2,Filosofie | Philosophy | Pre-Master's 1 year Teaching RDA-FFTR | Pre-Master's Philosophy | Pre-master 1 jarige lerarenopleiding RDA-FFTR | Pre-master Filosofie,,,2026-08-21,DUO RIO HO Opleidingsoverzicht
Religiewetenschappen,Religious Studies,Radboud Universiteit Nijmegen (RU) Faculteit der FTR,50902,114A122,BACHELOR,180,Nijmegen,ENG | NLD,,3,"Pre-Master's Orthodox Christianity | Pre-Master's Theology & Religious Studies: Islam, Politics and Society | Pre-Master's Theology & Religious Studies: Religious Studies | Pre-master Orthodox Christianity | Pre-master Theologie & Religiewetenschappen: Islam, Politiek en Samenleving | Pre-master Theologie & Religiewetenschappen: Religiewetenschappen | Religiewetenschappen | Religious Studies",,,2026-08-21,DUO RIO HO Opleidingsoverzicht
Theologie,Theology,Radboud Universiteit Nijmegen (RU) Faculteit der FTR,56109,114A122,BACHELOR,180,Nijmegen,NLD,,1,Pre-Master's Theology | Pre-master Theologie | Theologie | Theology,,,2026-08-21,DUO RIO HO Opleidingsoverzicht
Algemene Cultuurwetenschappen,Arts and Culture Studies,Radboud Universiteit Nijmegen (RU) Faculteit der Letteren,56823,114A124,BACHELOR,180,Nijmegen,ENG | NLD,,2,Algemene Cultuurwetenschappen | Arts and Culture Studies | Pre-Master's Arts & Culture Studies | Pre-master Arts & Culture Studies | Pre-master Kunst- & Cultuurwetenschappen,,,2026-08-21,DUO RIO HO Opleidingsoverzicht
Communicatie- en Informatiewetenschappen,Communication and Information Studies,Radboud Universiteit Nijmegen (RU) Faculteit der Letteren,56826,114A124,BACHELOR,180,Nijmegen,ENG | NLD,,2,Communicatie- en Informatiewetenschappen | Communication and Information Studies | Pre-Master's Communication and Persuasion | Pre-Master's Global Communication and Diversity | Pre-master Communicatie en Beïnvloeding | Pre-master Global Communication and Diversity,,,2026-08-21,DUO RIO HO Opleidingsoverzicht
Duitse Taal en Cultuur,German Language and Culture,Radboud Universiteit Nijmegen (RU) Faculteit der Letteren,56805,114A124,BACHELOR,180,Nijmegen,NLD,,3,Duitse Taal en Cultuur | German Language and Culture | Pre-Master's European Studies | Pre-master Europese Studies | Pre-master Tweejarige Educatieve Master Duits | Two-year Educational Pre-Master's German,,,2026-08-21,DUO RIO HO Opleidingsoverzicht
English Language and Culture,English Language and Culture,Radboud Universiteit Nijmegen (RU) Faculteit der Letteren,50290,114A124,BACHELOR,180,Nijmegen,ENG | NLD,,2,"English Language and Culture | Pre-Master's North American Studies: Transatlantic Studies History, Culture and Politics | Pre-master Noord-Amerika Studies:Transatlantic Studies: History, Culture and Politics | Pre-master Tweejarige Educatieve Master Engels | Two-year Educational Pre-Master's English",,,2026-08-21,DUO RIO HO Opleidingsoverzicht
Geschiedenis,History,Radboud Universiteit Nijmegen (RU) Faculteit der Letteren,56034,114A124,BACHELOR,180,Nijmegen,ENG | NLD,,4,Geschiedenis | History | Pre-Master's History: Ancient and Medieval Mediterranean Worlds | Pre-Master's History: Modern and Contemporary History | Pre-Master's History: Politics and Parliament | Pre-master Geschiedenis: Ancient and Medieval Mediterranean Worlds | Pre-master Geschiedenis: Geschiedenis en Actualiteit | Pre-master Geschiedenis: Politiek en Parlement | Pre-master Tweejarige Educatieve Master Geschiedenis | Two-year Educational Pre-Master's History,,,2026-08-21,DUO RIO HO Opleidingsoverzicht
Griekse en Latijnse Taal en Cultuur,Classics,Radboud Universiteit Nijmegen (RU) Faculteit der Letteren,56003,114A124,BACHELOR,180,Nijmegen,NLD,,2,Classics | Griekse en Latijnse Taal en Cultuur | Pre-Master's Classics & Ancient Civilizations: Roman Archeology | Pre-master Oudheidstudies: Romeinse Archeologie,,,2026-08-21,DUO RIO HO Opleidingsoverzicht
Kunstgeschiedenis,Art History,Radboud Universiteit Nijmegen (RU) Faculteit der Letteren,56824,114A124,BACHELOR,180,Nijmegen,NLD,,3,Art History | Kunstgeschiedenis | Pre-Master's Arts & Culture: Art History | Pre-master Kunst- & cultuurwetenschappen: Kunstgeschiedenis | Pre-master Tweejarige Educatieve Master Kunstgeschiedenis en Culturele en Kunstzinnige Vorming | Two-year Educational Pre-Master's Art History and Cultural and Artistic Education,,,2026-08-21,DUO RIO HO Opleidingsoverzicht
Nederlandse Taal en Cultuur,Dutch Language and Culture,Radboud Universiteit Nijmegen (RU) Faculteit der Letteren,56804,114A124,BACHELOR,180,Nijmegen,NLD,,5,Dutch Language and Culture | Nederlandse Taal en Cultuur | Pre-Master's 1 year Teaching RDA-FdL | Pre-Master's Literature: Literature and Society | Pre-Master's Literature: The Book Industry | Pre-master 1 jarige lerarenopleiding RDA-FdL | Pre-master Letterkunde: Literair Bedrijf | Pre-master Letterkunde: Literatuur en Samenleving | Pre-master Tweejarige Educatieve Master Nederlands | Two-year Educational Pre-Master's Dutch,,,2026-08-21,DUO RIO HO Opleidingsoverzicht
Romaanse Talen en Culturen,Romance Languages and Cultures,Radboud Universiteit Nijmegen (RU) Faculteit der Letteren,56074,114A124,BACHELOR,180,Nijmegen,NLD,,2,Pre-master Tweejarige Educatieve Master Frans | Pre-master Tweejarige Educatieve Master Spaans | Romaanse Talen en Culturen | Romance Languages and Cultures | Two-year Educational Pre-Master's French | Two-year Educational Pre-Master's Spanish,,,2026-08-21,DUO RIO HO Opleidingsoverzicht
Taalwetenschap,Linguistics,Radboud Universiteit Nijmegen (RU) Faculteit der Letteren,56803,114A124,BACHELOR,180,Nijmegen,ENG | NLD,,6,Linguistics | Pre-Master's Dutch as a Second Language: Teacher and Expert | Pre-Master's Language Variation and Multilingualism | Pre-Master's Language and Communication Technology | Pre-Master's Language and Speech Pathology | Pre-master Language Variation and Multilingualism | Pre-master Nederlands als Tweede Taal: Docent en Expert | Pre-master Taal- en Communicatietechnologie | Pre-master Taal- en Spraakpathologie | Taalwetenschap,,,2026-08-21,DUO RIO HO Opleidingsoverzicht
Bedrijfskunde,Business Administration,Radboud Universiteit Nijmegen (RU) Faculteit der Managementwetenschappen,50645,114A125,BACHELOR,180,Nijmegen,ENG,,1,Bedrijfskunde | Business Administration | Pre-Master's Business Administration | Pre-master Business Administration,,,2026-08-21,DUO RIO HO Opleidingsoverzicht
Bestuurskunde,Public Administration,Radboud Universiteit Nijmegen (RU) Faculteit der Managementwetenschappen,56627,114A125,BACHELOR,180,Nijmegen,NLD,,2,Bestuurskunde | Pre-Master's Public Administration | Pre-master Bestuurskunde | Public Administration,,,2026-08-21,DUO RIO HO Opleidingsoverzicht
Economie en Bedrijfseconomie,Economics and Business Economics,Radboud Universiteit Nijmegen (RU) Faculteit der Managementwetenschappen,50950,114A125,BACHELOR,180,Nijmegen,ENG,,1,Economics and Business Economics | Economie en Bedrijfseconomie | Pre-Master's Economics | Pre-master Economics,,,2026-08-21,DUO RIO HO Opleidingsoverzicht
"Geografie, Planologie en Milieu","Geography, Spatial Planning and Environment",Radboud Universiteit Nijmegen (RU) Faculteit der Managementwetenschappen,56947,114A125,BACHELOR,180,Nijmegen,ENG | NLD,,5,"Geografie, Planologie en Milieu | Geography, Spatial Planning and Environment | Pre-Master's Environment and Society Studies | Pre-Master's Human Geography | Pre-Master's Spatial Planning | Pre-master Environment and Society Studies | Pre-master Human Geography | Pre-master Spatial Planning | Pre-master Tweejarige Educatieve Master Aardrijkskunde | Two-year Educational Pre-Master's Geography",,,2026-08-21,DUO RIO HO Opleidingsoverzicht
Politicologie,Political Science,Radboud Universiteit Nijmegen (RU) Faculteit der Managementwetenschappen,56606,114A125,BACHELOR,180,Nijmegen,ENG | NLD,,3,Political Science | Politicologie | Pre-Master's Political Science | Pre-master Political Science | Pre-master Tweejarige Educatieve Master Maatschappijwetenschappen | Two-year Educational Pre-Master's Society Studies,,,2026-08-21,DUO RIO HO Opleidingsoverzicht
Biomedische Wetenschappen,Biomedical Sciences,Radboud Universiteit Nijmegen (RU) Faculteit der Medische Wetenschappen,56990,114A126,BACHELOR,180,Nijmegen,NLD,,2,Biomedical Sciences | Biomedische Wetenschappen | Pre-Master's Biomedical Sciences | Pre-master Biomedical Sciences,,,2026-08-21,DUO RIO HO Opleidingsoverzicht
Geneeskunde,Medicine,Radboud Universiteit Nijmegen (RU) Faculteit der Medische Wetenschappen,56551,114A126,BACHELOR,180,Nijmegen,NLD,,2,Geneeskunde | Medicine | Pre-Master's Medicine | Pre-master Geneeskunde,,,2026-08-21,DUO RIO HO Opleidingsoverzicht
Tandheelkunde,Dentistry,Radboud Universiteit Nijmegen (RU) Faculteit der Medische Wetenschappen,56560,114A126,BACHELOR,180,Nijmegen,NLD,,1,Dentistry | Tandheelkunde,,,2026-08-21,DUO RIO HO Opleidingsoverzicht
Biology,Biology,Radboud Universiteit Nijmegen (RU) Faculteit der NWI,59325,114A127,BACHELOR,180,Nijmegen,ENG | NLD,,11,Biologie | Biology | Pre-Master's Biology: Adaptive Organisms | Pre-Master's Biology: Conservation and Restoration Ecology | Pre-Master's Biology: Environment and Sustainability | Pre-Master's Biology: Microbiology | Pre-Master's Crop Biotechnology and Engineering | Pre-Master's Medical Biology: Human Biology | Pre-Master's Medical Biology: Medical Epigenomics | Pre-Master's Medical Biology: Neurobiology | Pre-Master's Science for Sustainability | Pre-Master's Two-year Educational Master's Biology | Pre-master Biology: Adaptive Organisms | Pre-master Biology: Conservation and Restoration Ecology | Pre-master Biology: Environment and Sustainability | Pre-master Biology: Microbiology | Pre-master Crop Biotechnology and Engineering | Pre-master Medical Biology: Human Biology | Pre-master Medical Biology: Medical Epigenomics | Pre-master Medical Biology: Neurobiology | Pre-master Science for Sustainability | Pre-master Tweejarige Educatieve Master Biologie,,,2026-08-21,DUO RIO HO Opleidingsoverzicht
Chemistry,Chemistry,Radboud Universiteit Nijmegen (RU) Faculteit der NWI,56943,114A127,BACHELOR,180,Nijmegen,ENG | NLD,,2,Chemistry | Pre-Master's Two-year Educational Master's Chemistry | Pre-master Tweejarige Educatieve Master Scheikunde | Scheikunde,,,2026-08-21,DUO RIO HO Opleidingsoverzicht
Computing Science,Computing Science,Radboud Universiteit Nijmegen (RU) Faculteit der NWI,59326,114A127,BACHELOR,180,Nijmegen,ENG | NLD,,8,Computing Science | Informatica | Pre-Master's Computing Science: Cyber Security | Pre-Master's Computing Science: Cyber Security and AI | Pre-Master's Computing Science: Data Science and AI | Pre-Master's Computing Science: Mathematical Foundations of Computer Science | Pre-Master's Computing Science: Software Science | Pre-Master's Information Sciences | Pre-Master's Two-year Educational Master's Computing Science | Pre-master Computing Science: Cyber Security | Pre-master Computing Science: Cyber Security and AI | Pre-master Computing Science: Data Science and AI | Pre-master Computing Science: Mathematical Foundations of Computer Science | Pre-master Computing Science: Software Science | Pre-master Information Sciences | Pre-master Tweejarige Educatieve Master Informatica,,,2026-08-21,DUO RIO HO Opleidingsoverzicht
Molecular Life Sciences,Molecular Life Sciences,Radboud Universiteit Nijmegen (RU) Faculteit der NWI,56944,114A127,BACHELOR,180,Nijmegen,ENG,,5,Moleculaire Levenswetenschappen | Molecular Life Sciences | Pre-Master's Molecular Sciences: Chemistry of Life | Pre-Master's Molecular Sciences: Medicinal Chemistry | Pre-Master's Molecular Sciences: Molecular Chemistry | Pre-Master's Molecular Sciences: Physical Chemistry | Pre-master Molecular Sciences: Chemistry of Life | Pre-master Molecular Sciences: Medicinal Chemistry | Pre-master Molecular Sciences: Molecular Chemistry | Pre-master Molecular Sciences: Physical Chemistry,,,2026-08-21,DUO RIO HO Opleidingsoverzicht
Natural Sciences,Natural Sciences,Radboud Universiteit Nijmegen (RU) Faculteit der NWI,56948,114A127,BACHELOR,180,Nijmegen,ENG | NLD,,3,"Natural Sciences | Pre-Master's 1 year Teaching RDA-FNWI Dutch-taught (Mathematics and Physics) | Pre-Master's 1 year Teaching RDA-FNWI English-taught (Biology, MLS en Chemistry) | Pre-master 1 jarige lerarenopleiding RDA-FNWI Engelstalige vakken (Biology, MLS en Chemistry) | Pre-master 1 jarige lerarenopleiding RDA-FNWI Nederlandstalige vakken (Wiskunde en Natuurkunde)",,,2026-08-21,DUO RIO HO Opleidingsoverzicht
Natuur- en Sterrenkunde,Physics and Astronomy,Radboud Universiteit Nijmegen (RU) Faculteit der NWI,56984,114A127,BACHELOR,180,Nijmegen,NLD,,5,Natuur- en Sterrenkunde | Physics and Astronomy | Pre-Master's Physics and Astronomy: Neurophysics | Pre-Master's Physics and Astronomy: Particle and Astrophysics | Pre-Master's Physics and Astronomy: Physics of Molecules and Materials | Pre-Master's Two-year Educational Master's Physics | Pre-master Physics and Astronomy: Neurophysics | Pre-master Physics and Astronomy: Particle and Astrophysics | Pre-master Physics and Astronomy: Physics of Molecules and Materials | Pre-master Tweejarige Educatieve Master Natuurkunde,,,2026-08-21,DUO RIO HO Opleidingsoverzicht
Wiskunde,Mathematics,Radboud Universiteit Nijmegen (RU) Faculteit der NWI,56980,114A127,BACHELOR,180,Nijmegen,NLD,,3,Mathematics | Pre-Master's Mathematics | Pre-Master's Two-year Educational Master's Mathematics | Pre-master Mathematics | Pre-master Tweejarige Educatieve Master Wiskunde | Wiskunde,,,2026-08-21,DUO RIO HO Opleidingsoverzicht
European Law School,European Law School,Radboud Universiteit Nijmegen (RU) Faculteit der Rechtsgeleerdheid,50017,114A123,BACHELOR,180,Nijmegen,NLD,,1,European Law School,,,2026-08-21,DUO RIO HO Opleidingsoverzicht
Notarieel Recht,Notarial Law,Radboud Universiteit Nijmegen (RU) Faculteit der Rechtsgeleerdheid,56828,114A123,BACHELOR,180,Nijmegen,NLD,,1,Notarial Law | Notarieel Recht | Pre-Master's Notarial Law | Pre-master Notarieel Recht,,,2026-08-21,DUO RIO HO Opleidingsoverzicht
Rechtsgeleerdheid,Law,Radboud Universiteit Nijmegen (RU) Faculteit der Rechtsgeleerdheid,50700,114A123,BACHELOR,180,Nijmegen,NLD,,3,Law | Pre-Master's Private Law | Pre-Master's Public Law | Pre-Master's Tax Law | Pre-master Fiscaal Recht | Pre-master Privaatrecht | Pre-master Publiekrecht | Rechtsgeleerdheid,,,2026-08-21,DUO RIO HO Opleidingsoverzicht
Artificial Intelligence,Artificial Intelligence,Radboud Universiteit Nijmegen (RU) Faculteit der Sociale Wetenschappen,56945,114A129,BACHELOR,180,Nijmegen,ENG,,3,Artificial Intelligence | Pre-Master's Artificial Intelligence: Human Centered Intelligent Systems | Pre-Master's Artificial Intelligence: Machine Learning and Neural Computing | Pre-master Artificial Intelligence: Human Centered Intelligent Systems | Pre-master Artificial Intelligence: Machine Learning and Neural Computing,,,2026-08-21,DUO RIO HO Opleidingsoverzicht
Communicatiewetenschap,Communication Science,Radboud Universiteit Nijmegen (RU) Faculteit der Sociale Wetenschappen,56615,114A129,BACHELOR,180,Nijmegen,NLD,,2,Communicatiewetenschap | Communication Science | Pre-Master's Communication Science | Pre-master Communicatiewetenschap,,,2026-08-21,DUO RIO HO Opleidingsoverzicht
Culturele Antropologie en Ontwikkelingssociologie,Cultural Anthropology and Development Sociology,Radboud Universiteit Nijmegen (RU) Faculteit der Sociale Wetenschappen,50035,114A129,BACHELOR,180,Nijmegen,ENG | NLD,,3,Cultural Anthropology and Development Sociology | Culturele Antropologie en Ontwikkelingssociologie | Pre-Master's Anthropology and Development Studies | Pre-Master's Intersectional Gender Studies | Pre-master Anthropology and Development Studies | Pre-master Intersectional Gender Studies,,,2026-08-21,DUO RIO HO Opleidingsoverzicht
Humane Neurowetenschappen,Human Neuroscience,Radboud Universiteit Nijmegen (RU) Faculteit der Sociale Wetenschappen,59349,114A129,BACHELOR,180,Nijmegen,NLD,,1,Human Neuroscience | Humane Neurowetenschappen,,,2026-08-21,DUO RIO HO Opleidingsoverzicht
Pedagogische Wetenschappen,Pedagogical Sciences,Radboud Universiteit Nijmegen (RU) Faculteit der Sociale Wetenschappen,56607,114A129,BACHELOR,180,Nijmegen,NLD,,3,Pedagogical Sciences | Pedagogische Wetenschappen | Pre-Master's Educational Sciences | Pre-Master's Pedagogical Sciences: Pedagogy | Pre-Master's Pedagogical Sciences: Remedial Educationalist | Pre-master Onderwijswetenschappen | Pre-master Pedagogische Wetenschappen: Orthopedagogiek | Pre-master Pedagogische Wetenschappen: Pedagogiek,,,2026-08-21,DUO RIO HO Opleidingsoverzicht
Pedagogische Wetenschappen van Primair Onderwijs,Pedagogical Sciences of Primary Education,Radboud Universiteit Nijmegen (RU) Faculteit der Sociale Wetenschappen,59329,114A129,BACHELOR,180,Nijmegen,NLD,,2,Pedagogical Sciences of Primary Education | Pedagogische Wetenschappen van Primair Onderwijs | Pre-Master's Pedagogical Sciences of Primary Education | Pre-master Curriculumontwikkeling voor Primair Onderwijs,,,2026-08-21,DUO RIO HO Opleidingsoverzicht
Psychologie,Psychology,Radboud Universiteit Nijmegen (RU) Faculteit der Sociale Wetenschappen,56604,114A129,BACHELOR,180,Nijmegen,"ENG,NLD",,1,Psychologie | Psychology,,,2026-08-21,DUO RIO HO Opleidingsoverzicht
Sociologie,Sociology,Radboud Universiteit Nijmegen (RU) Faculteit der Sociale Wetenschappen,56601,114A129,BACHELOR,180,Nijmegen,NLD,,3,Pre-Master's 1 year Teaching RDA-FSW | Pre-Master's Sociology | Pre-master 1 jarige lerarenopleiding RDA-FSW | Pre-master Sociologie | Sociologie | Sociology,,,2026-08-21,DUO RIO HO Opleidingsoverzicht
Biology,Biology,Radboud Universiteit Nijmegen (RU) Radboud Docenten Academie,59325,114A128,BACHELOR,180,Nijmegen,NLD,,1,Biology | Educatieve Minor of Module Biologie | Education Module Biology,,,2026-08-21,DUO RIO HO Opleidingsoverzicht
Chemistry,Chemistry,Radboud Universiteit Nijmegen (RU) Radboud Docenten Academie,56943,114A128,BACHELOR,180,Nijmegen,NLD,,1,Chemistry | Educatieve Minor of Module Scheikunde | Education Module Chemistry,,,2026-08-21,DUO RIO HO Opleidingsoverzicht
Computing Science,Computing Science,Radboud Universiteit Nijmegen (RU) Radboud Docenten Academie,59326,114A128,BACHELOR,180,Nijmegen,NLD,,1,Computing Science | Educatieve Minor of Module Informatica | Educatieve Module Computing Science,,,2026-08-21,DUO RIO HO Opleidingsoverzicht
Duitse Taal en Cultuur,German Language and Culture,Radboud Universiteit Nijmegen (RU) Radboud Docenten Academie,56805,114A128,BACHELOR,180,Nijmegen,NLD,,1,Duitse Taal en Cultuur | Educatieve Minor of Module Duits | Education Module German | German Language and Culture,,,2026-08-21,DUO RIO HO Opleidingsoverzicht
English Language and Culture,English Language and Culture,Radboud Universiteit Nijmegen (RU) Radboud Docenten Academie,50290,114A128,BACHELOR,180,Nijmegen,NLD,,1,Educatieve Minor of Module Engels | Education Module English | English Language and Culture,,,2026-08-21,DUO RIO HO Opleidingsoverzicht
"Geografie, Planologie en Milieu","Geography, Spatial Planning and Environment",Radboud Universiteit Nijmegen (RU) Radboud Docenten Academie,56947,114A128,BACHELOR,180,Nijmegen,NLD,,1,"Educatieve Minor of Module Aardrijkskunde | Education Module Geography | Geografie, Planologie en Milieu | Geography, Spatial Planning and Environment",,,2026-08-21,DUO RIO HO Opleidingsoverzicht
Geschiedenis,History,Radboud Universiteit Nijmegen (RU) Radboud Docenten Academie,56034,114A128,BACHELOR,180,Nijmegen,NLD,,1,Educatieve Minor of Module Geschiedenis | Education Module History | Geschiedenis | History,,,2026-08-21,DUO RIO HO Opleidingsoverzicht
Griekse en Latijnse Taal en Cultuur,Classics,Radboud Universiteit Nijmegen (RU) Radboud Docenten Academie,56003,114A128,BACHELOR,180,Nijmegen,NLD,,1,Classics | Educatieve Minor of Module Grieks en Latijn | Education Module Greek and Latin | Griekse en Latijnse Taal en Cultuur,,,2026-08-21,DUO RIO HO Opleidingsoverzicht
Molecular Life Sciences,Molecular Life Sciences,Radboud Universiteit Nijmegen (RU) Radboud Docenten Academie,56944,114A128,BACHELOR,180,Nijmegen,NLD,,1,Educatieve Minor of Module Scheikunde | Education Module Chemistry | Molecular Life Sciences,,,2026-08-21,DUO RIO HO Opleidingsoverzicht
Natural Sciences,Natural Sciences,Radboud Universiteit Nijmegen (RU) Radboud Docenten Academie,56948,114A128,BACHELOR,180,Nijmegen,NLD,,2,Educatieve Minor of Module Natuurkunde | Educatieve Minor of Module Scheikunde | Education Module Chemistry | Education Module Physics | Natural Sciences,,,2026-08-21,DUO RIO HO Opleidingsoverzicht
Natuur- en Sterrenkunde,Physics and Astronomy,Radboud Universiteit Nijmegen (RU) Radboud Docenten Academie,56984,114A128,BACHELOR,180,Nijmegen,NLD,,1,Educatieve Minor of Module Natuurkunde | Education Module Physics | Natuur- en Sterrenkunde | Physics and Astronomy,,,2026-08-21,DUO RIO HO Opleidingsoverzicht
Nederlandse Taal en Cultuur,Dutch Language and Culture,Radboud Universiteit Nijmegen (RU) Radboud Docenten Academie,56804,114A128,BACHELOR,180,Nijmegen,NLD,,1,Dutch Language and Culture | Educatieve Minor of Module Nederlands | Education Module Dutch | Nederlandse Taal en Cultuur,,,2026-08-21,DUO RIO HO Opleidingsoverzicht
Religiewetenschappen,Religious Studies,Radboud Universiteit Nijmegen (RU) Radboud Docenten Academie,50902,114A128,BACHELOR,180,Nijmegen,NLD,,1,Educatieve Minor of Module Godsdienst & levensbeschouwing | Education Module Religious Studies | Religiewetenschappen | Religious Studies,,,2026-08-21,DUO RIO HO Opleidingsoverzicht
Romaanse Talen en Culturen,Romance Languages and Cultures,Radboud Universiteit Nijmegen (RU) Radboud Docenten Academie,56074,114A128,BACHELOR,180,Nijmegen,NLD,,2,Educatieve Minor of Module Frans | Educatieve Minor of Module Spaans | Education Module French | Education Module Spanish | Romaanse Talen en Culturen | Romance Languages and Cultures,,,2026-08-21,DUO RIO HO Opleidingsoverzicht
Theologie,Theology,Radboud Universiteit Nijmegen (RU) Radboud Docenten Academie,56109,114A128,BACHELOR,180,Nijmegen,NLD,,1,Educatieve Minor of Module Godsdienst & levensbeschouwing | Education Module Religious Studies | Theologie | Theology,,,2026-08-21,DUO RIO HO Opleidingsoverzicht
Wiskunde,Mathematics,Radboud Universiteit Nijmegen (RU) Radboud Docenten Academie,56980,114A128,BACHELOR,180,Nijmegen,NLD,,1,Educatieve Minor of Module Wiskunde | Education Module Mathematics | Mathematics | Wiskunde,,,2026-08-21,DUO RIO HO Opleidingsoverzicht
American Studies,American Studies,Rijksuniversiteit Groningen,50623,113A748,BACHELOR,180,Groningen,ENG,,1,American Studies,,,2026-08-21,DUO RIO HO Opleidingsoverzicht
Archeologie,Archaeology,Rijksuniversiteit Groningen,56703,113A748,BACHELOR,180,Groningen,NLD,,1,Archaeology | Archeologie,,,2026-08-21,DUO RIO HO Opleidingsoverzicht
Bedrijfskunde,Business Administration,Rijksuniversiteit Groningen,50645,113A748,BACHELOR,180,Groningen,NLD,,1,Bedrijfskunde | Business Administration,,,2026-08-21,DUO RIO HO Opleidingsoverzicht
Bewegingswetenschappen,Human Movement Sciences,Rijksuniversiteit Groningen,56950,113A748,BACHELOR,180,Groningen,NLD,,1,Bewegingswetenschappen | Human Movement Sciences,,,2026-08-21,DUO RIO HO Opleidingsoverzicht
Biologie,Biology,Rijksuniversiteit Groningen,56860,113A748,BACHELOR,180,Groningen,ENG,,1,Biologie | Biology,,,2026-08-21,DUO RIO HO Opleidingsoverzicht
Biomedische Technologie,Biomedical Engineering,Rijksuniversiteit Groningen,56226,113A748,BACHELOR,180,Groningen,ENG,,2,Biomedical Engineering | Biomedische Technologie,,,2026-08-21,DUO RIO HO Opleidingsoverzicht
Communicatie- en Informatiewetenschappen,Communication and Information Studies,Rijksuniversiteit Groningen,56826,113A748,BACHELOR,180,Groningen,ENG | NLD,,2,Communicatie- en Informatiewetenschappen | Communication and Information Studies,,,2026-08-21,DUO RIO HO Opleidingsoverzicht
Data Science and Society,Data Science and Society,Rijksuniversiteit Groningen,50982,113A748,BACHELOR,180,Leeuwarden,ENG,,1,Data Science and Society,,,2026-08-21,DUO RIO HO Opleidingsoverzicht
Econometrie en Operationele Research,Econometrics and Operations Research,Rijksuniversiteit Groningen,56833,113A748,BACHELOR,180,Groningen,ENG,,1,Econometrics and Operations Research | Econometrie en Operationele Research,,,2026-08-21,DUO RIO HO Opleidingsoverzicht
Economie en Bedrijfseconomie,Economics and Business Economics,Rijksuniversiteit Groningen,50950,113A748,BACHELOR,180,Groningen,ENG,,1,Economics and Business Economics | Economie en Bedrijfseconomie,,,2026-08-21,DUO RIO HO Opleidingsoverzicht
English Language and Culture,English Language and Culture,Rijksuniversiteit Groningen,50290,113A748,BACHELOR,180,Groningen,ENG,,1,English Language and Culture,,,2026-08-21,DUO RIO HO Opleidingsoverzicht
Europese Talen en Culturen,European Languages and Cultures,Rijksuniversiteit Groningen,56124,113A748,BACHELOR,180,Groningen,ENG | NLD,,2,European Languages and Cultures | Europese Talen en Culturen,,,2026-08-21,DUO RIO HO Opleidingsoverzicht
Farmacie,Pharmacy,Rijksuniversiteit Groningen,56157,113A748,BACHELOR,180,Groningen,NLD,,1,Farmacie | Pharmacy,,,2026-08-21,DUO RIO HO Opleidingsoverzicht
Filosofie,Philosophy,Rijksuniversiteit Groningen,56081,113A748,BACHELOR,180,Groningen,NLD,,1,Filosofie | Philosophy,,,2026-08-21,DUO RIO HO Opleidingsoverzicht
Geneeskunde,Medicine,Rijksuniversiteit Groningen,56551,113A748,BACHELOR,180,Groningen,NLD,,1,Geneeskunde | Medicine,,,2026-08-21,DUO RIO HO Opleidingsoverzicht
Geschiedenis,History,Rijksuniversiteit Groningen,56034,113A748,BACHELOR,180,Groningen,ENG | NLD,,2,Geschiedenis | History,,,2026-08-21,DUO RIO HO Opleidingsoverzicht
Global Responsibility and Leadership,Global Responsibility and Leadership,Rijksuniversiteit Groningen,59327,113A748,BACHELOR,180,Leeuwarden,ENG,,1,Global Responsibility and Leadership,,,2026-08-21,DUO RIO HO Opleidingsoverzicht
Griekse en Latijnse Taal en Cultuur,Classics,Rijksuniversiteit Groningen,56003,113A748,BACHELOR,180,Groningen,NLD,,1,Classics | Griekse en Latijnse Taal en Cultuur,,,2026-08-21,DUO RIO HO Opleidingsoverzicht
Human Geography and Planning,Human Geography and Planning,Rijksuniversiteit Groningen,50974,113A748,BACHELOR,180,Groningen,ENG,,1,Human Geography and Planning,,,2026-08-21,DUO RIO HO Opleidingsoverzicht
Informatica,Computing Science,Rijksuniversiteit Groningen,56978,113A748,BACHELOR,180,Groningen,ENG,,2,Computing Science | Informatica,,,2026-08-21,DUO RIO HO Opleidingsoverzicht
Informatiekunde,Information Science,Rijksuniversiteit Groningen,56842,113A748,BACHELOR,180,Groningen,ENG | NLD,,2,Informatiekunde | Information Science,,,2026-08-21,DUO RIO HO Opleidingsoverzicht
International and European Law,International and European Law,Rijksuniversiteit Groningen,56829,113A748,BACHELOR,180,Groningen,ENG,,1,International and European Law,,,2026-08-21,DUO RIO HO Opleidingsoverzicht
International Business,International Business,Rijksuniversiteit Groningen,50019,113A748,BACHELOR,180,Groningen,ENG,,1,International Business,,,2026-08-21,DUO RIO HO Opleidingsoverzicht
Internationale Betrekkingen en Internationale Organisatie,International Relations and International Organization,Rijksuniversiteit Groningen,50627,113A748,BACHELOR,180,Groningen,ENG,,1,International Relations and International Organization | Internationale Betrekkingen en Internationale Organisatie,,,2026-08-21,DUO RIO HO Opleidingsoverzicht
"Kunsten, Cultuur en Media","Arts, Culture and Media",Rijksuniversiteit Groningen,50629,113A748,BACHELOR,180,Groningen,ENG | NLD,,2,"Arts, Culture and Media | Kunsten, Cultuur en Media",,,2026-08-21,DUO RIO HO Opleidingsoverzicht
Kunstgeschiedenis,Art History,Rijksuniversiteit Groningen,56824,113A748,BACHELOR,180,Groningen,ENG,,1,Art History | Kunstgeschiedenis,,,2026-08-21,DUO RIO HO Opleidingsoverzicht
Kunstmatige Intelligentie,Artificial Intelligence,Rijksuniversiteit Groningen,56981,113A748,BACHELOR,180,Groningen,ENG,,2,Artificial Intelligence | Kunstmatige Intelligentie,,,2026-08-21,DUO RIO HO Opleidingsoverzicht
Liberal Arts and Sciences,Liberal Arts and Sciences,Rijksuniversiteit Groningen,50393,113A748,BACHELOR,180,Groningen,ENG,,1,Liberal Arts and Sciences,,,2026-08-21,DUO RIO HO Opleidingsoverzicht
Life Science and Technology,Life Science and Technology,Rijksuniversiteit Groningen,56286,113A748,BACHELOR,180,Groningen,ENG,,2,Life Science and Technology,,,2026-08-21,DUO RIO HO Opleidingsoverzicht
Media en Cultuur,Media Studies,Rijksuniversiteit Groningen,50906,113A748,BACHELOR,180,Groningen,ENG,,1,Media Studies | Media en Cultuur,,,2026-08-21,DUO RIO HO Opleidingsoverzicht
Midden-Oostenstudies,Middle Eastern Studies,Rijksuniversiteit Groningen,56098,113A748,BACHELOR,180,Groningen,NLD,,1,Midden-Oostenstudies | Middle Eastern Studies,,,2026-08-21,DUO RIO HO Opleidingsoverzicht
Minorities & Multilingualism,Minorities & Multilingualism,Rijksuniversiteit Groningen,56012,113A748,BACHELOR,180,Groningen,ENG,,1,Minorities & Multilingualism,,,2026-08-21,DUO RIO HO Opleidingsoverzicht
Natuurkunde,Physics,Rijksuniversiteit Groningen,50206,113A748,BACHELOR,180,Groningen,ENG,,1,Natuurkunde | Physics,,,2026-08-21,DUO RIO HO Opleidingsoverzicht
Nederlandse Taal en Cultuur,Dutch Language and Culture,Rijksuniversiteit Groningen,56804,113A748,BACHELOR,180,Groningen,NLD,,1,Dutch Language and Culture | Nederlandse Taal en Cultuur,,,2026-08-21,DUO RIO HO Opleidingsoverzicht
Nederlandse Talen en Culturen,Dutch Languages and Cultures,Rijksuniversiteit Groningen,50479,113A748,BACHELOR,180,Groningen,NLD,,1,Dutch Languages and Cultures | Nederlandse Talen en Culturen,,,2026-08-21,DUO RIO HO Opleidingsoverzicht
Pedagogische Wetenschappen,Pedagogical Sciences,Rijksuniversiteit Groningen,56607,113A748,BACHELOR,180,Groningen,NLD,,1,Pedagogical Sciences | Pedagogische Wetenschappen,,,2026-08-21,DUO RIO HO Opleidingsoverzicht
Psychologie,Psychology,Rijksuniversiteit Groningen,56604,113A748,BACHELOR,180,Groningen,ENG | NLD,,2,Psychologie | Psychology,,,2026-08-21,DUO RIO HO Opleidingsoverzicht
Rechtsgeleerdheid,Dutch Law,Rijksuniversiteit Groningen,50700,113A748,BACHELOR,180,Groningen | Leeuwarden,NLD,,2,Dutch Law | Rechtsgeleerdheid,,,2026-08-21,DUO RIO HO Opleidingsoverzicht
Religiewetenschappen,Religious Studies,Rijksuniversiteit Groningen,50902,113A748,BACHELOR,180,Groningen,ENG | NLD,,2,Religiewetenschappen | Religious Studies,,,2026-08-21,DUO RIO HO Opleidingsoverzicht
Scheikunde,Chemistry,Rijksuniversiteit Groningen,56857,113A748,BACHELOR,180,Groningen,ENG,,1,Chemistry | Scheikunde,,,2026-08-21,DUO RIO HO Opleidingsoverzicht
Scheikundige Technologie,Chemical Engineering,Rijksuniversiteit Groningen,56960,113A748,BACHELOR,180,Groningen,ENG,,1,Chemical Engineering | Scheikundige Technologie,,,2026-08-21,DUO RIO HO Opleidingsoverzicht
Sociologie,Sociology,Rijksuniversiteit Groningen,56601,113A748,BACHELOR,180,Groningen,NLD,,1,Sociologie | Sociology,,,2026-08-21,DUO RIO HO Opleidingsoverzicht
Spatial Planning and Design,Spatial Planning and Design,Rijksuniversiteit Groningen,56194,113A748,BACHELOR,180,Groningen,ENG,,2,Spatial Planning and Design,,,2026-08-21,DUO RIO HO Opleidingsoverzicht
Sterrenkunde,Astronomy,Rijksuniversiteit Groningen,50205,113A748,BACHELOR,180,Groningen,ENG,,2,Astronomy | Sterrenkunde,,,2026-08-21,DUO RIO HO Opleidingsoverzicht
Taalwetenschap,Linguistics,Rijksuniversiteit Groningen,56803,113A748,BACHELOR,180,Groningen,NLD,,1,Linguistics | Taalwetenschap,,,2026-08-21,DUO RIO HO Opleidingsoverzicht
Tandheelkunde,Dentistry,Rijksuniversiteit Groningen,56560,113A748,BACHELOR,180,Groningen,NLD,,1,Dentistry | Tandheelkunde,,,2026-08-21,DUO RIO HO Opleidingsoverzicht
Technische Bedrijfskunde,Industrial Engineering & Management,Rijksuniversiteit Groningen,56994,113A748,BACHELOR,180,Groningen,ENG,,2,Industrial Engineering & Management | Technische Bedrijfskunde,,,2026-08-21,DUO RIO HO Opleidingsoverzicht
Technische Natuurkunde,Applied Physics,Rijksuniversiteit Groningen,56962,113A748,BACHELOR,180,Groningen,ENG,,1,Applied Physics | Technische Natuurkunde,,,2026-08-21,DUO RIO HO Opleidingsoverzicht
Technische Wiskunde,Applied Mathematics,Rijksuniversiteit Groningen,56965,113A748,BACHELOR,180,Groningen,ENG,,1,Applied Mathematics | Technische Wiskunde,,,2026-08-21,DUO RIO HO Opleidingsoverzicht
Theologie,Theology,Rijksuniversiteit Groningen,56109,113A748,BACHELOR,180,Groningen,NLD,,1,Theologie | Theology,,,2026-08-21,DUO RIO HO Opleidingsoverzicht
Wiskunde,Mathematics,Rijksuniversiteit Groningen,56980,113A748,BACHELOR,180,Groningen,ENG,,1,Mathematics | Wiskunde,,,2026-08-21,DUO RIO HO Opleidingsoverzicht
Theologie,,Theologische Universiteit Apeldoorn,56109,113A677,BACHELOR,180,Apeldoorn,NLD,https://www.tua.nl/nl/onderwijs/o/bachelor-theologie,1,Bachelor Theologie | Theologie,,,2026-08-21,DUO RIO HO Opleidingsoverzicht
Theologie,,Theologische Universiteit Utrecht,56109,114A554,BACHELOR,180,Utrecht,NLD,,1,Theologie,,,2026-08-21,DUO RIO HO Opleidingsoverzicht
Algemene Cultuurwetenschappen,Culture Studies,Tilburg University,56823,112A446,BACHELOR,180,Tilburg,NLD,,1,Algemene Cultuurwetenschappen | Culture Studies,,,2026-08-21,DUO RIO HO Opleidingsoverzicht
Cognitive Science and Artificial Intelligence,Cognitive Science and Artificial Intelligence,Tilburg University,59338,112A446,BACHELOR,180,Tilburg,ENG,,1,Cognitive Science and Artificial Intelligence,,,2026-08-21,DUO RIO HO Opleidingsoverzicht
Communicatie- en Informatiewetenschappen,Communication and Information Sciences,Tilburg University,56826,112A446,BACHELOR,180,Tilburg,NLD,,1,Communicatie- en Informatiewetenschappen | Communication and Information Sciences,,,2026-08-21,DUO RIO HO Opleidingsoverzicht
Econometrie en Operationele Research,Econometrics and Operations Research,Tilburg University,56833,112A446,BACHELOR,180,Tilburg,ENG,,1,Econometrics and Operations Research | Econometrie en Operationele Research,,,2026-08-21,DUO RIO HO Opleidingsoverzicht
Economie,Economics,Tilburg University,56401,112A446,BACHELOR,180,Tilburg,ENG,,1,Economics | Economie,,,2026-08-21,DUO RIO HO Opleidingsoverzicht
Economie en Bedrijfseconomie,Economics and Business Economics,Tilburg University,50950,112A446,BACHELOR,180,Tilburg,NLD,,1,Economics and Business Economics | Economie en Bedrijfseconomie,,,2026-08-21,DUO RIO HO Opleidingsoverzicht
Entrepreneurship and Business Innovation,Entrepreneurship and Business Innovation,Tilburg University,59340,112A446,BACHELOR,180,Tilburg,ENG,,1,Entrepreneurship and Business Innovation,,,2026-08-21,DUO RIO HO Opleidingsoverzicht
Filosofie,Philosophy,Tilburg University,56081,112A446,BACHELOR,180,Tilburg,NLD,,1,Filosofie | Philosophy,,,2026-08-21,DUO RIO HO Opleidingsoverzicht
Global Law,Global Law,Tilburg University,56475,112A446,BACHELOR,180,Tilburg,ENG,,1,Global Law,,,2026-08-21,DUO RIO HO Opleidingsoverzicht
International Business Administration,International Business Administration,Tilburg University,50952,112A446,BACHELOR,180,Tilburg,ENG,,1,International Business Administration,,,2026-08-21,DUO RIO HO Opleidingsoverzicht
Liberal Arts and Sciences,Liberal Arts and Sciences,Tilburg University,50393,112A446,BACHELOR,180,Tilburg,ENG,,1,Liberal Arts and Sciences,,,2026-08-21,DUO RIO HO Opleidingsoverzicht
Theologie,Theology,Tilburg University,56109,112A446,BACHELOR,180,Tilburg | Utrecht,ENG,,2,Theologie | Theology,pilot-07,0.706,2026-08-21,DUO RIO HO Opleidingsoverzicht
African Studies,African Studies,Universiteit Leiden,56821,114A561,BACHELOR,180,Leiden,ENG,,1,African Studies,,,2026-08-21,DUO RIO HO Opleidingsoverzicht
Archeologie,Archaeology,Universiteit Leiden,56703,114A561,BACHELOR,180,Leiden,NLD,,1,Archaeology | Archeologie,,,2026-08-21,DUO RIO HO Opleidingsoverzicht
Bestuurskunde,Public Administration,Universiteit Leiden,56627,114A561,BACHELOR,180,'s-Gravenhage,NLD,,1,Bestuurskunde | Public Administration,,,2026-08-21,DUO RIO HO Opleidingsoverzicht
Bio-Farmaceutische Wetenschappen,,Universiteit Leiden,50207,114A561,BACHELOR,180,Leiden,NLD,,1,Bio-Farmaceutische Wetenschappen | Bio-Pharmaceutical Sciences,,,2026-08-21,DUO RIO HO Opleidingsoverzicht
Biologie,Biology,Universiteit Leiden,56860,114A561,BACHELOR,180,Leiden,NLD,,1,Biologie | Biology,,,2026-08-21,DUO RIO HO Opleidingsoverzicht
Biomedische Wetenschappen,,Universiteit Leiden,56990,114A561,BACHELOR,180,Leiden,NLD,,1,Biomedical Science | Biomedische Wetenschappen,,,2026-08-21,DUO RIO HO Opleidingsoverzicht
Chinastudies,Chinese Studies,Universiteit Leiden,56818,114A561,BACHELOR,180,Leiden,NLD,,1,Chinastudies | Chinese Studies,,,2026-08-21,DUO RIO HO Opleidingsoverzicht
Criminologie,,Universiteit Leiden,56469,114A561,BACHELOR,180,Leiden,NLD,,1,Criminologie | Criminology,,,2026-08-21,DUO RIO HO Opleidingsoverzicht
Culturele Antropologie en Ontwikkelingssociologie,Cultural Anthropology and Development Sociology,Universiteit Leiden,50035,114A561,BACHELOR,180,Leiden,NLD,,1,Cultural Anthropology and Development Sociology | Culturele Antropologie en Ontwikkelingssociologie,,,2026-08-21,DUO RIO HO Opleidingsoverzicht
Cybersecurity & Cybercrime,Cybersecurity & Cybercrime,Universiteit Leiden,59348,114A561,BACHELOR,180,'s-Gravenhage,NLD,,1,Cybersecurity & Cybercrime,,,2026-08-21,DUO RIO HO Opleidingsoverzicht
Data Science and Artificial Intelligence,Data Science and Artificial Intelligence,Universiteit Leiden,50300,114A561,BACHELOR,180,Leiden,ENG,,1,Data Science and Artificial Intelligence,,,2026-08-21,DUO RIO HO Opleidingsoverzicht
Duitse Taal en Cultuur,,Universiteit Leiden,56805,114A561,BACHELOR,180,Leiden,NLD,,1,Duitse Taal en Cultuur | German Language and Culture,,,2026-08-21,DUO RIO HO Opleidingsoverzicht
Economie & Samenleving,Economics & Society,Universiteit Leiden,50996,114A561,BACHELOR,180,'s-Gravenhage,NLD,,1,Economics & Society | Economics and Society | Economie & Samenleving | Economie en Samenleving,,,2026-08-21,DUO RIO HO Opleidingsoverzicht
Engelse Taal en Cultuur,,Universiteit Leiden,56806,114A561,BACHELOR,180,Leiden,ENG,,1,Engelse Taal en Cultuur | English Language and Culture,,,2026-08-21,DUO RIO HO Opleidingsoverzicht
Film- en Literatuurwetenschap,Film and Literary Studies,Universiteit Leiden,50414,114A561,BACHELOR,180,Leiden,NLD,,1,Film and Literary Studies | Film- en Literatuurwetenschap,,,2026-08-21,DUO RIO HO Opleidingsoverzicht
Filosofie,,Universiteit Leiden,56081,114A561,BACHELOR,180,Leiden,NLD,,1,Filosofie | Philosophy,,,2026-08-21,DUO RIO HO Opleidingsoverzicht
Fiscaal Recht,Tax Law,Universiteit Leiden,56827,114A561,BACHELOR,180,Leiden,NLD,,1,Fiscaal Recht | Tax Law,,,2026-08-21,DUO RIO HO Opleidingsoverzicht
Franse Taal en Cultuur,,Universiteit Leiden,56808,114A561,BACHELOR,180,Leiden,NLD,,1,Franse Taal en Cultuur | French Language and Culture,,,2026-08-21,DUO RIO HO Opleidingsoverzicht
Geneeskunde,Medicine,Universiteit Leiden,56551,114A561,BACHELOR,180,Leiden,NLD,,1,Geneeskunde | Medicine,,,2026-08-21,DUO RIO HO Opleidingsoverzicht
Geschiedenis,History,Universiteit Leiden,56034,114A561,BACHELOR,180,Leiden,NLD,,1,Geschiedenis | History,,,2026-08-21,DUO RIO HO Opleidingsoverzicht
Griekse en Latijnse Taal en Cultuur,Classics,Universiteit Leiden,56003,114A561,BACHELOR,180,Leiden,NLD,,1,Classics | Griekse en Latijnse Taal en Cultuur,,,2026-08-21,DUO RIO HO Opleidingsoverzicht
Informatica,Computer Science,Universiteit Leiden,56978,114A561,BACHELOR,180,Leiden,NLD,,1,Computer Science | Informatica,,,2026-08-21,DUO RIO HO Opleidingsoverzicht
International Studies,International Studies,Universiteit Leiden,59316,114A561,BACHELOR,180,'s-Gravenhage,ENG,,1,International Studies,,,2026-08-21,DUO RIO HO Opleidingsoverzicht
Italiaanse Taal en Cultuur,,Universiteit Leiden,56809,114A561,BACHELOR,180,Leiden,NLD,,1,Italiaanse Taal en Cultuur | Italian Language and Culture,,,2026-08-21,DUO RIO HO Opleidingsoverzicht
Japanstudies,Japanese Studies,Universiteit Leiden,56819,114A561,BACHELOR,180,Leiden,NLD,,1,Japanese Studies | Japanstudies,,,2026-08-21,DUO RIO HO Opleidingsoverzicht
Koreastudies,Korean Studies,Universiteit Leiden,56820,114A561,BACHELOR,180,Leiden,NLD,,1,Korean Studies | Koreastudies,,,2026-08-21,DUO RIO HO Opleidingsoverzicht
Kunstgeschiedenis,,Universiteit Leiden,56824,114A561,BACHELOR,180,Leiden,NLD,,1,Art History | Kunstgeschiedenis,,,2026-08-21,DUO RIO HO Opleidingsoverzicht
Latijns-Amerikastudies,Latin American Studies,Universiteit Leiden,56052,114A561,BACHELOR,180,Leiden,NLD,,1,Latijns-Amerikastudies | Latin American Studies,,,2026-08-21,DUO RIO HO Opleidingsoverzicht
Liberal Arts and Sciences: Global Challenges,,Universiteit Leiden,50429,114A561,BACHELOR,180,'s-Gravenhage,ENG,,1,Liberal Arts and Sciences: Global Challenges,,,2026-08-21,DUO RIO HO Opleidingsoverzicht
Midden-Oostenstudies,Middle Eastern Studies,Universiteit Leiden,56098,114A561,BACHELOR,180,Leiden,NLD,,1,Midden-Oostenstudies | Middle Eastern Studies,,,2026-08-21,DUO RIO HO Opleidingsoverzicht
Molecular Science and Technology (joint degree),,Universiteit Leiden,55009,114A561,BACHELOR,180,Leiden,NLD,,1,Molecular Science and Technology (joint degree),,,2026-08-21,DUO RIO HO Opleidingsoverzicht
Natuurkunde,Physics,Universiteit Leiden,50206,114A561,BACHELOR,180,Leiden,NLD,,1,Natuurkunde | Physics,,,2026-08-21,DUO RIO HO Opleidingsoverzicht
Nederlandkunde/Dutch Studies,Dutch Studies,Universiteit Leiden,56055,114A561,BACHELOR,180,Leiden,NLD,,1,Dutch Studies | Nederlandkunde | Nederlandkunde/Dutch Studies,,,2026-08-21,DUO RIO HO Opleidingsoverzicht
Nederlandse Taal en Cultuur,Dutch Language and Culture,Universiteit Leiden,56804,114A561,BACHELOR,180,Leiden,NLD,,1,Dutch Language and Culture | Nederlandse Taal en Cultuur,,,2026-08-21,DUO RIO HO Opleidingsoverzicht
Notarieel Recht,Notarial Law,Universiteit Leiden,56828,114A561,BACHELOR,180,Leiden,NLD,,1,Notarial Law | Notarieel Recht,,,2026-08-21,DUO RIO HO Opleidingsoverzicht
Oude Nabije Oosten-studies,Ancient Near Eastern Studies,Universiteit Leiden,56123,114A561,BACHELOR,180,Leiden,NLD,,1,Ancient Near Eastern Studies | Oude Nabije Oosten-studies,,,2026-08-21,DUO RIO HO Opleidingsoverzicht
Pedagogische Wetenschappen,Pedagogical Sciences,Universiteit Leiden,56607,114A561,BACHELOR,180,Leiden,NLD,,1,Pedagogical Sciences | Pedagogische Wetenschappen,,,2026-08-21,DUO RIO HO Opleidingsoverzicht
Politicologie,Political Science,Universiteit Leiden,56606,114A561,BACHELOR,180,'s-Gravenhage | Leiden,NLD,,2,Political Science | Politicologie,,,2026-08-21,DUO RIO HO Opleidingsoverzicht
Psychologie,Psychology,Universiteit Leiden,56604,114A561,BACHELOR,180,Leiden,NLD,,1,Psychologie | Psychology,,,2026-08-21,DUO RIO HO Opleidingsoverzicht
Rechtsgeleerdheid,,Universiteit Leiden,50700,114A561,BACHELOR,180,Leiden,NLD,,1,Law | Rechtsgeleerdheid,,,2026-08-21,DUO RIO HO Opleidingsoverzicht
Religiewetenschappen,Religious Studies,Universiteit Leiden,50902,114A561,BACHELOR,180,Leiden,NLD,,1,Religiewetenschappen | Religious Studies,,,2026-08-21,DUO RIO HO Opleidingsoverzicht
Russische Studies,Russian Studies,Universiteit Leiden,50855,114A561,BACHELOR,180,Leiden,NLD,,1,Russian Studies | Russische Studies,,,2026-08-21,DUO RIO HO Opleidingsoverzicht
Science for Sustainable Societies,Science for Sustainable Societies,Universiteit Leiden,50474,114A561,BACHELOR,180,Leiden,ENG,,1,Science for Sustainable Societies,,,2026-08-21,DUO RIO HO Opleidingsoverzicht
Security Studies,Security Studies,Universiteit Leiden,59320,114A561,BACHELOR,180,'s-Gravenhage,ENG,,1,Security Studies,,,2026-08-21,DUO RIO HO Opleidingsoverzicht
Sterrenkunde,Astronomy,Universiteit Leiden,50205,114A561,BACHELOR,180,Leiden,NLD,,1,Astronomy | Sterrenkunde,,,2026-08-21,DUO RIO HO Opleidingsoverzicht
Taalwetenschap,Linguistics,Universiteit Leiden,56803,114A561,BACHELOR,180,Leiden,NLD,,1,Linguistics | Taalwetenschap,,,2026-08-21,DUO RIO HO Opleidingsoverzicht
Urban Studies,Urban Studies,Universiteit Leiden,59328,114A561,BACHELOR,180,'s-Gravenhage,ENG,,1,Urban Studies,,,2026-08-21,DUO RIO HO Opleidingsoverzicht
Wiskunde,Mathematics,Universiteit Leiden,56980,114A561,BACHELOR,180,Leiden,NLD,,1,Mathematics | Wiskunde,,,2026-08-21,DUO RIO HO Opleidingsoverzicht
Zuid- en Zuidoost-Aziëstudies,South and Southeast Asian Studies,Universiteit Leiden,56099,114A561,BACHELOR,180,Leiden,ENG,,1,South and Southeast Asian Studies | Zuid- en Zuidoost-Aziëstudies,,,2026-08-21,DUO RIO HO Opleidingsoverzicht
Biomedische Wetenschappen,Biomedical Sciences,Universiteit Maastricht,56990,113A920,BACHELOR,180,Maastricht,ENG | NLD,https://www.maastrichtuniversity.nl/ | https://www.maastrichtuniversity.nl/nl/onderwijs/bachelor/programmas/biomedical-sciences,2,Bachelor Biomedische Wetenschappen | Biomedical Sciences | Biomedische Wetenschappen | Educatieve Module - Biologie,,,2026-08-21,DUO RIO HO Opleidingsoverzicht
Brain Science,Brain Science,Universiteit Maastricht,59347,113A920,BACHELOR,180,Maastricht,ENG,https://curriculum.maastrichtuniversity.nl/education/bachelor/brain-science,1,Bachelor Brain Science | Brain Science,,,2026-08-21,DUO RIO HO Opleidingsoverzicht
Business Analytics,Business Analytics,Universiteit Maastricht,56856,113A920,BACHELOR,180,Maastricht,ENG,https://www.maastrichtuniversity.nl/nl/onderwijs/bachelor/programmas/business-analytics,1,Bachelor Business Analytics | Business Analytics,,,2026-08-21,DUO RIO HO Opleidingsoverzicht
Business Engineering,Business Engineering,Universiteit Maastricht,50769,113A920,BACHELOR,180,Maastricht,ENG,https://www.maastrichtuniversity.nl/nl/onderwijs/bachelor/programmas/business-engineering,1,Bachelor Business Engineering | Business Engineering,,,2026-08-21,DUO RIO HO Opleidingsoverzicht
Circular Engineering,Circular Engineering,Universiteit Maastricht,59341,113A920,BACHELOR,180,Maastricht,ENG,https://curriculum.maastrichtuniversity.nl/education/bachelor/circular-engineering,1,Bachelor of Science in Circular Engineering | Circular Engineering,,,2026-08-21,DUO RIO HO Opleidingsoverzicht
Computer Science,Computer Science,Universiteit Maastricht,50426,113A920,BACHELOR,180,Maastricht,ENG,https://www.maastrichtuniversity.nl/nl/onderwijs/bachelor/programmas/computer-science,1,Bachelor of Science in Computer Science | Computer Science,,,2026-08-21,DUO RIO HO Opleidingsoverzicht
Cultuurwetenschappen,Arts and Culture,Universiteit Maastricht,50004,113A920,BACHELOR,180,Maastricht,ENG | NLD,https://curriculum.maastrichtuniversity.nl/nl/onderwijs/bachelor/bachelor-arts-and-culture | https://www.maastrichtuniversity.nl/ | https://www.maastrichtuniversity.nl/nl/onderwijs/bachelor/programmas/arts-and-culture | https://www.maastrichtuniversity.nl/nl/pre-master-arts-and-culture | https://www.maastrichtuniversity.nl/nl/pre-master-european-studies-society-science-and-technology | https://www.maastrichtuniversity.nl/nl/pre-master-globalisation-and-development-studies | https://www.maastrichtuniversity.nl/nl/pre-master-media-studies-digital-cultures | https://www.maastrichtuniversity.nl/node/382876,13,"Arts and Culture | BA Cultuurwetenschappen | Bachelor Arts and Culture | Bachelor Cultuurwetenschappen | Cultuurwetenschappen | Pre-master Art, Literature and Society | Pre-master Arts and Culture | Pre-master European Studies | Pre-master European Studies on Society, Science and Technology | Pre-master Globalisation and Development Studies | Pre-master Media Studies: Digital Cultures | Pre-master Politics and Society | Schakelprogramma Kunst en Erfgoed | Schakelprogramma Kunst, Literatuur en Samenleving | Schakelprogramma Politiek en Samenleving",,,2026-08-21,DUO RIO HO Opleidingsoverzicht
Data Science and Artificial Intelligence,Data Science and Artificial Intelligence,Universiteit Maastricht,50300,113A920,BACHELOR,180,Maastricht,ENG,https://www.maastrichtuniversity.nl | https://www.maastrichtuniversity.nl/ | https://www.maastrichtuniversity.nl/nl/onderwijs/bachelor/programmas/data-science-and-artificial-intelligence | https://www.maastrichtuniversity.nl/pre-master-msc-artificial-intelligence | https://www.maastrichtuniversity.nl/pre-master-msc-data-science-decision-making,5,Bachelor of Science in Data Science and Artificial Intelligence | Data Science and Artificial Intelligence | Educatieve Module - Wiskunde | Pre-master DKE (Artificial Intelligence) Pre-master DACS (Artificial Intelligence) | Pre-master DKE (Data Science for Decision Making) Pre-master DACS (Data Science for Decision Making) | Pre-master Responsible Data Science,,,2026-08-21,DUO RIO HO Opleidingsoverzicht
Digital Society,Digital Society,Universiteit Maastricht,59337,113A920,BACHELOR,180,Maastricht,ENG,https://www.maastrichtuniversity.nl/nl/onderwijs/bachelor/programmas/digital-society,1,Bachelor Digital Society | Digital Society,,,2026-08-21,DUO RIO HO Opleidingsoverzicht
Econometrie en Operationele Research,Econometrics and Operations Research,Universiteit Maastricht,56833,113A920,BACHELOR,180,Maastricht,ENG,https://www.maastrichtuniversity.nl/ | https://www.maastrichtuniversity.nl/nl/onderwijs/bachelor/programmas/econometrics-operations-research,2,Bachelor Econometrics and Operations Research | Econometrics and Operations Research | Econometrie en Operationele Research | Pre-master Econometrics and Operations Research,,,2026-08-21,DUO RIO HO Opleidingsoverzicht
Economie en Bedrijfseconomie,Economics and Business Economics,Universiteit Maastricht,50950,113A920,BACHELOR,180,Maastricht,ENG,https://www.maastrichtuniversity.nl/ | https://www.maastrichtuniversity.nl/nl/onderwijs/bachelor/programmas/economics-and-business-economics | https://www.maastrichtuniversity.nl/pre-master-economics | https://www.maastrichtuniversity.nl/pre-master-economics-and-strategy-emerging-markets | https://www.maastrichtuniversity.nl/pre-master-financial-economics | https://www.maastrichtuniversity.nl/pre-master-human-decision-science,6,Bachelor Economics and Business Economics | Economics and Business Economics | Economie en Bedrijfseconomie | Pre-master Economics | Pre-master Economics and Strategy in Emerging Markets | Pre-master Financial Economics | Pre-master Human Decision Science,,,2026-08-21,DUO RIO HO Opleidingsoverzicht
European Law School,European Law School,Universiteit Maastricht,50017,113A920,BACHELOR,180,Maastricht,ENG | NLD,https://curriculum.maastrichtuniversity.nl/education/bachelor/bachelor-european-law-school | https://www.maastrichtuniversity.nl/,2,Bachelor European Law School | Bachelor European Law School (Regular Track) | European Law School,,,2026-08-21,DUO RIO HO Opleidingsoverzicht
European Public Health,European Public Health,Universiteit Maastricht,50296,113A920,BACHELOR,180,Maastricht,ENG,https://www.maastrichtuniversity.nl/nl/onderwijs/bachelor/programmas/european-public-health,1,Bachelor European Public Health | European Public Health,,,2026-08-21,DUO RIO HO Opleidingsoverzicht
Europese Studies,European Studies,Universiteit Maastricht,56051,113A920,BACHELOR,180,Maastricht,ENG,https://www.maastrichtuniversity.nl/nl/onderwijs/bachelor/programmas/european-studies,1,Bachelor European Studies | European Studies | Europese Studies,,,2026-08-21,DUO RIO HO Opleidingsoverzicht
Fiscaal Recht,Tax Law,Universiteit Maastricht,56827,113A920,BACHELOR,180,Maastricht,NLD,https://www.maastrichtuniversity.nl/nl/onderwijs/bachelor/programmas/fiscaal-recht | https://www.maastrichtuniversity.nl/nl/premaster-fiscaal-recht,3,Bachelor Fiscaal Recht | Fiscaal Recht | Pre-master Fiscaal Recht Traject 1 | Pre-master Fiscaal Recht Traject 2 | Tax Law,,,2026-08-21,DUO RIO HO Opleidingsoverzicht
Fiscale Economie,Fiscal Economics,Universiteit Maastricht,56402,113A920,BACHELOR,180,Maastricht,ENG,https://www.maastrichtuniversity.nl/,1,Bachelor Fiscal Economics | Fiscal Economics | Fiscale Economie,,,2026-08-21,DUO RIO HO Opleidingsoverzicht
Geneeskunde,Medicine,Universiteit Maastricht,56551,113A920,BACHELOR,180,Maastricht,NLD,https://www.maastrichtuniversity.nl/nl/onderwijs/bachelor/programmas/geneeskunde,1,Bachelor Geneeskunde | Geneeskunde | Medicine,,,2026-08-21,DUO RIO HO Opleidingsoverzicht
Gezondheidswetenschappen,Health Sciences,Universiteit Maastricht,56553,113A920,BACHELOR,180,Maastricht,ENG | NLD,https://www.maastrichtuniversity.nl/ | https://www.maastrichtuniversity.nl/nl/onderwijs/bachelor/programmas/gezondheidswetenschappen,3,BA Gezondheidswetenschappen | Bachelor Gezondheidswetenschappen | Gezondheidswetenschappen | Health Sciences | Schakelprogramma Mental health,pilot-04,1.000,2026-08-21,DUO RIO HO Opleidingsoverzicht
Global Studies,Global Studies,Universiteit Maastricht,59339,113A920,BACHELOR,180,Maastricht,ENG,https://www.maastrichtuniversity.nl/nl/onderwijs/bachelor/programmas/global-studies,1,Bachelor Global Studies | Global Studies,,,2026-08-21,DUO RIO HO Opleidingsoverzicht
International Business,International Business,Universiteit Maastricht,50019,113A920,BACHELOR,180,Maastricht,ENG,https://www.maastrichtuniversity.nl/ | https://www.maastrichtuniversity.nl/nl/onderwijs/bachelor/programmas/international-business | https://www.maastrichtuniversity.nl/pre-master-business-intelligence-and-smart-services | https://www.maastrichtuniversity.nl/pre-master-digital-business-and-economics | https://www.maastrichtuniversity.nl/pre-master-global-supply-chain-management-and-change | https://www.maastrichtuniversity.nl/pre-master-international-business | https://www.maastrichtuniversity.nl/pre-master-learning-and-development-organisations,17,"Bachelor International Business | International Business | Pre-master Business Intelligence and Smart Services | Pre-master Digital Business Economics | Pre-master Global Supply Chain Management and Change | Pre-master International Business specialisatie Accounting and Business Information Technology | Pre-master International Business specialisatie Entrepreneurship and Business Development | Pre-master International Business specialisatie Information Management and Business Intelligence | Pre-master International Business specialisatie Managerial Decision- Making and Control | Pre-master International Business specialisatie Marketing-Finance | Pre-master International Business specialisatie Organisation: Management, Change and Consultancy | Pre-master International Business specialisatie Strategic Corporate Finance | Pre-master International Business specialisatie Strategic Marketing | Pre-master International Business specialisatie Strategy and Innovation | Pre-master International Business specialisatie Supply Chain Management | Pre-master International Business specialisatie Sustainable Finance | Pre-master International Business specialisation Accounting and Business Information Technology | Pre-master International Business specialisation Accounting and Control | Pre-master International Business specialisation Information Management and Business Intelligence | Pre-master International Business specialisation Managerial Decision- Making and Control | Pre-master International Business specialisation Marketing-Finance | Pre-master International Business specialisation Organisation: Management, Change and Consultancy | Pre-master International Business specialisation Strategic Corporate Finance | Pre-master International Business specialisation Strategic Marketing | Pre-master International Business specialisation Supply Chain Management | Pre-master International Business specialisation Sustainable Finance | Pre-master Learning and Development in Organisations",,,2026-08-21,DUO RIO HO Opleidingsoverzicht
Liberal Arts and Sciences,Liberal Arts and Sciences,Universiteit Maastricht,50393,113A920,BACHELOR,180,Maastricht | Venlo,ENG | NLD,https://www.maastrichtuniversity.nl/nl/onderwijs/bachelor/programmas/maastricht-science-programme | https://www.maastrichtuniversity.nl/nl/onderwijs/bachelor/programmas/university-college-maastricht | https://www.maastrichtuniversity.nl/nl/onderwijs/bachelor/programmas/university-college-venlo | https://www.maastrichtuniversity.nl/pre-masters-health-food-innovation-management | https://wwwmaastrichtuniversity.nl,6,Bachelor Liberal Arts and Sciences / University College Maastricht | Bachelor Liberal Arts and Sciences / University College Venlo | Educatieve Module - Natuurkunde | Liberal Arts and Sciences | Liberal Arts and Sciences / Maastricht Science Programme | Pre-master Campus Venlo (Health Food Innovation Management),,,2026-08-21,DUO RIO HO Opleidingsoverzicht
Psychologie,Psychology,Universiteit Maastricht,56604,113A920,BACHELOR,180,Maastricht,ENG | NLD,https://curriculum.maastrichtuniversity.nl/education/bachelor/bachelor-psychology | https://curriculum.maastrichtuniversity.nl/nl/onderwijs/bachelor-psychologie | https://www.maastrichtuniversity.nl/nl/premaster-mental-health | https://www.maastrichtuniversity.nl/pre-master-psychology,5,Bachelor Psychologie | Bachelor Psychology English track | Pre-master Mental Health | Pre-master Psychologie | Pre-master Psychology | Pre-master psychologie | Psychologie | Psychology,,,2026-08-21,DUO RIO HO Opleidingsoverzicht
Rechtsgeleerdheid,Dutch Law,Universiteit Maastricht,50700,113A920,BACHELOR,180,Maastricht,ENG | NLD,https://curriculum.maastrichtuniversity.nl/education/bachelor/bachelor-dutch-law | https://www.maastrichtuniversity.nl/nl/onderwijs/bachelor/programmas/rechtsgeleerdheid | https://www.maastrichtuniversity.nl/nl/pre-master-rechten | https://www.maastrichtuniversity.nl/pre-master-law,4,Bachelor Rechtsgeleerdheid | Dutch Law | Pre-master Law | Pre-master Recht (voor HBO-rechten afgestudeerden) (NL) | Rechtsgeleerdheid,,,2026-08-21,DUO RIO HO Opleidingsoverzicht
Regenerative Medicine and Technology,Regenerative Medicine and Technology,Universiteit Maastricht,59346,113A920,BACHELOR,180,Maastricht,ENG,https://www.maastrichtuniversity.nl/nl/onderwijs/bachelor/programmas/regenerative-medicine-and-technology,1,Bachelor Regenerative Medicine and Technology | Regenerative Medicine and Technology,,,2026-08-21,DUO RIO HO Opleidingsoverzicht
Sustainable Bioscience,Sustainable Bioscience,Universiteit Maastricht,50478,113A920,BACHELOR,180,,ENG,https://www.maastrichtuniversity.nl/nl/onderwijs/bachelor/programmas/sustainable-bioscience,1,Bachelor Sustainable Bioscience | Sustainable Bioscience,,,2026-08-21,DUO RIO HO Opleidingsoverzicht
Urban Sustainability Studies (joint degree),Urban Sustainability Studies (joint degree),Universiteit Maastricht,55031,113A920,BACHELOR,180,Heerlen,ENG,https://www.maastrichtuniversity.nl/education/bachelor/programmes/urban-sustainability-studies/admission-and-enrolment,1,Bachelor Urban Sustainability Studies | Urban Sustainability Studies (joint degree),,,2026-08-21,DUO RIO HO Opleidingsoverzicht
Bestuurs- en Organisatiewetenschap,Public Administration and Organisation Science,Universiteit Utrecht,50007,112A764,BACHELOR,180,,NLD,,1,Bestuurs- en Organisatiewetenschap | Bestuurs- en organisatiewetenschap | Public Administration and Organisation Science,,,2026-08-21,DUO RIO HO Opleidingsoverzicht
Biomedische Wetenschappen,Biomedical Sciences,Universiteit Utrecht,56990,112A764,BACHELOR,180,,NLD,,1,Biomedical Sciences | Biomedische Wetenschappen | Biomedische wetenschappen,,,2026-08-21,DUO RIO HO Opleidingsoverzicht
Communicatie- en Informatiewetenschappen,Communication and Information Studies,Universiteit Utrecht,56826,112A764,BACHELOR,180,,NLD,,1,Communicatie- en Informatiewetenschappen | Communicatie- en informatiewetenschappen | Communication and Information Studies,,,2026-08-21,DUO RIO HO Opleidingsoverzicht
Diergeneeskunde,Veterinary Medicine,Universiteit Utrecht,56570,112A764,BACHELOR,180,,NLD,,1,Diergeneeskunde | Veterinary Medicine,,,2026-08-21,DUO RIO HO Opleidingsoverzicht
Geneeskunde,Medicine,Universiteit Utrecht,56551,112A764,BACHELOR,180,,NLD,,1,Geneeskunde | Medicine,,,2026-08-21,DUO RIO HO Opleidingsoverzicht
Kunstgeschiedenis,Art History,Universiteit Utrecht,56824,112A764,BACHELOR,180,,NLD,,1,Art History | Kunstgeschiedenis,pilot-05,1.000,2026-08-21,DUO RIO HO Opleidingsoverzicht
Kunstmatige Intelligentie,Artificial Intelligence,Universiteit Utrecht,56981,112A764,BACHELOR,180,,NLD,,1,Artificial Intelligence | Kunstmatige Intelligentie,,,2026-08-21,DUO RIO HO Opleidingsoverzicht
Literatuurwetenschap,Literary Studies,Universiteit Utrecht,56802,112A764,BACHELOR,180,,NLD,,1,Literary Studies | Literatuurwetenschap,,,2026-08-21,DUO RIO HO Opleidingsoverzicht
Media en Cultuur,Media and Culture,Universiteit Utrecht,50906,112A764,BACHELOR,180,,NLD,,1,Media and Culture | Media en Cultuur | Media en cultuur,,,2026-08-21,DUO RIO HO Opleidingsoverzicht
Molecular and Biophysical Life Sciences,Molecular and Biophysical Life Sciences,Universiteit Utrecht,55825,112A764,BACHELOR,180,,ENG,,1,Molecular and Biophysical Life Sciences,,,2026-08-21,DUO RIO HO Opleidingsoverzicht
Muziekwetenschap,Musicology,Universiteit Utrecht,56700,112A764,BACHELOR,180,,NLD,,1,Musicology | Muziekwetenschap,,,2026-08-21,DUO RIO HO Opleidingsoverzicht
"Philosophy, Politics and Economics","Philosophy, Politics and Economics",Universiteit Utrecht,54999,112A764,BACHELOR,180,,ENG,,1,"Philosophy, Politics and Economics",,,2026-08-21,DUO RIO HO Opleidingsoverzicht
Rechtsgeleerdheid,,Universiteit Utrecht,50700,112A764,BACHELOR,180,,NLD,,1,Rechtsgeleerdheid,pilot-06,1.000,2026-08-21,DUO RIO HO Opleidingsoverzicht
Taalwetenschap,Linguistics,Universiteit Utrecht,56803,112A764,BACHELOR,180,,NLD,,1,Linguistics | Taalwetenschap,,,2026-08-21,DUO RIO HO Opleidingsoverzicht
"Zorg, Gezondheid & Samenleving",Clinical Sciences,Universiteit Utrecht,50981,112A764,BACHELOR,180,,NLD,,1,"Clinical Sciences | Zorg, Gezondheid & Samenleving",,,2026-08-21,DUO RIO HO Opleidingsoverzicht
Actuariële Wetenschappen,Actuarial Science,Universiteit van Amsterdam,56411,113A697,BACHELOR,180,Amsterdam,ENG | NLD,http://www.uva.nl/bsc-actuarial-science | http://www.uva.nl/bsc-actuariele-wetenschappen,2,Actuarial Science | Actuariële Wetenschappen,,,2026-08-21,DUO RIO HO Opleidingsoverzicht
Arabische Taal en Cultuur,Arabic Language and Culture,Universiteit van Amsterdam,56040,113A697,BACHELOR,180,Amsterdam,NLD,http://www.uva.nl/ba-arabisch,1,Arabic Language and Culture | Arabische Taal en Cultuur,,,2026-08-21,DUO RIO HO Opleidingsoverzicht
Archeologie,Archaeology,Universiteit van Amsterdam,56703,113A697,BACHELOR,180,Amsterdam,ENG | NLD,http://www.uva.nl/ba-archaeology | http://www.uva.nl/ba-archeologie,2,Archaeology | Archeologie,,,2026-08-21,DUO RIO HO Opleidingsoverzicht
Bèta-gamma,Natural and Social Sciences,Universiteit van Amsterdam,50250,113A697,BACHELOR,180,Amsterdam,NLD,http://uva.nl/bg,1,Bèta-gamma | Natural and Social Sciences,,,2026-08-21,DUO RIO HO Opleidingsoverzicht
Biologie,Biology,Universiteit van Amsterdam,56860,113A697,BACHELOR,180,Amsterdam,NLD,http://uva.nl/bsc-biologie,1,Biologie | Biology,,,2026-08-21,DUO RIO HO Opleidingsoverzicht
Biomedische Wetenschappen,Biomedical Science,Universiteit van Amsterdam,56990,113A697,BACHELOR,180,Amsterdam,NLD,http://uva.nl/bsc-biomedisch,1,Biomedical Science | Biomedische Wetenschappen,,,2026-08-21,DUO RIO HO Opleidingsoverzicht
Business Administration,Business Administration,Universiteit van Amsterdam,50897,113A697,BACHELOR,180,Amsterdam,ENG | NLD,http://uva.nl/bsc-business-administration | http://uva.nl/en/bsc-ba,2,Business Administration,pilot-08,1.000,2026-08-21,DUO RIO HO Opleidingsoverzicht
Business Analytics,Business Analytics,Universiteit van Amsterdam,56856,113A697,BACHELOR,180,Amsterdam,ENG,https://www.uva.nl/bsc-business-analytics-en,1,Business Analytics,,,2026-08-21,DUO RIO HO Opleidingsoverzicht
"Cognition, Language and Communication","Cognition, Language and Communication",Universiteit van Amsterdam,59330,113A697,BACHELOR,180,Amsterdam,NLD,http://www.uva.nl/ba-cognition-language-communication,1,"Cognition, Language and Communication",,,2026-08-21,DUO RIO HO Opleidingsoverzicht
Communicatiewetenschap,Communication Science,Universiteit van Amsterdam,56615,113A697,BACHELOR,180,Amsterdam,ENG | NLD,http://uva.nl/bsc-communicatiewetenschap | http://uva.nl/bsc-communicationscience,3,Communicatiewetenschap | Communication Science | Global Communication Science,pilot-10,1.000,2026-08-21,DUO RIO HO Opleidingsoverzicht
Computational Social Science,Computational Social Science,Universiteit van Amsterdam,50980,113A697,BACHELOR,180,Amsterdam,ENG,https://www.uva.nl/en/programmes/bachelors/computational-social-science/computational-social-science.html,1,Computational Social Science,,,2026-08-21,DUO RIO HO Opleidingsoverzicht
Culturele Antropologie en Ontwikkelingssociologie,Cultural Anthropology and Development Sociology,Universiteit van Amsterdam,50035,113A697,BACHELOR,180,Amsterdam,ENG | NLD,http://www.uva.nl/bsc-antropologie | http://www.uva.nl/en/education/bachelor-s/bachelor-s-programmes/bachelor-s-programmes.html,2,Cultural Anthropology and Development Sociology | Culturele Antropologie en Ontwikkelingssociologie,,,2026-08-21,DUO RIO HO Opleidingsoverzicht
Cultuurwetenschappen,Cultural Studies,Universiteit van Amsterdam,50004,113A697,BACHELOR,180,Amsterdam,ENG | NLD,https://www.uva.nl/ba-gacp | https://www.uva.nl/shared-content/programmas/en/bachelors/human-geography-and-planning/human-geography-and-planning.html,2,Cultural Studies | Cultuurwetenschappen,,,2026-08-21,DUO RIO HO Opleidingsoverzicht
Duitse Taal en Cultuur,German Language and Culture,Universiteit van Amsterdam,56805,113A697,BACHELOR,180,Amsterdam,NLD,http://www.uva.nl/ba-duitslandstudies,1,Duitse Taal en Cultuur | German Language and Culture,,,2026-08-21,DUO RIO HO Opleidingsoverzicht
Econometrics and Data Science,Econometrics and Data Science,Universiteit van Amsterdam,59332,113A697,BACHELOR,180,Amsterdam,ENG | NLD,http://uva.nl/bsc-econometrics | http://uva.nl/bsc-econometrie,2,Econometrics and Data Science,,,2026-08-21,DUO RIO HO Opleidingsoverzicht
Economics and Business Economics,Economics and Business Economics,Universiteit van Amsterdam,59318,113A697,BACHELOR,180,Amsterdam,ENG | NLD,http://uva.nl/bsc-ebe | http://uva.nl/en/bsc-ebe,2,Economics and Business Economics,,,2026-08-21,DUO RIO HO Opleidingsoverzicht
Engelse Taal en Cultuur,English Language and Culture,Universiteit van Amsterdam,56806,113A697,BACHELOR,180,Amsterdam,ENG,http://www.uva.nl/ba-english-language,1,Engelse Taal en Cultuur | English Language and Culture,,,2026-08-21,DUO RIO HO Opleidingsoverzicht
Europese Studies,European Studies,Universiteit van Amsterdam,56051,113A697,BACHELOR,180,Amsterdam,ENG | NLD,http://www.uva.nl/ba-european-studies | http://www.uva.nl/ba-europese-studies,2,European Studies | Europese Studies,,,2026-08-21,DUO RIO HO Opleidingsoverzicht
Filosofie,Philosophy,Universiteit van Amsterdam,56081,113A697,BACHELOR,180,Amsterdam,NLD,http://www.uva.nl/ba-filosofie,1,Filosofie | Philosophy,,,2026-08-21,DUO RIO HO Opleidingsoverzicht
Fiscaal Recht,Tax Law,Universiteit van Amsterdam,56827,113A697,BACHELOR,180,Amsterdam,NLD,http://www.uva.nl/llb-fiscaal-recht,1,Fiscaal Recht | Tax Law,,,2026-08-21,DUO RIO HO Opleidingsoverzicht
Fiscale Economie,Fiscal Economics,Universiteit van Amsterdam,56402,113A697,BACHELOR,180,Amsterdam,NLD,http://www.uva.nl/bsc-fiscale-economie,1,Fiscal Economics | Fiscale Economie,,,2026-08-21,DUO RIO HO Opleidingsoverzicht
Franse Taal en Cultuur,French Language and Culture,Universiteit van Amsterdam,56808,113A697,BACHELOR,180,Amsterdam,NLD,http://www.uva.nl/ba-frans,1,Franse Taal en Cultuur | French Language and Culture,,,2026-08-21,DUO RIO HO Opleidingsoverzicht
Future Planet Studies,Future Planet Studies,Universiteit van Amsterdam,50425,113A697,BACHELOR,180,Amsterdam,NLD,http://uva.nl/fps,1,Future Planet Studies,,,2026-08-21,DUO RIO HO Opleidingsoverzicht
Geneeskunde,Medicine,Universiteit van Amsterdam,56551,113A697,BACHELOR,180,Amsterdam,NLD,http://www.uva.nl/programmas/bachelors/geneeskunde/geneeskunde.html,1,Geneeskunde | Medicine,,,2026-08-21,DUO RIO HO Opleidingsoverzicht
Geschiedenis,History,Universiteit van Amsterdam,56034,113A697,BACHELOR,180,Amsterdam,NLD,http://www.uva.nl/ba-geschiedenis,1,Geschiedenis | History,,,2026-08-21,DUO RIO HO Opleidingsoverzicht
Griekse en Latijnse Taal en Cultuur,Greek and Latin Language and Culture,Universiteit van Amsterdam,56003,113A697,BACHELOR,180,Amsterdam,NLD,http://www.uva.nl/ba-grieks-latijn,1,Greek and Latin Language and Culture | Griekse en Latijnse Taal en Cultuur,,,2026-08-21,DUO RIO HO Opleidingsoverzicht
Hebreeuwse Taal en Cultuur,Hebrew Language and Culture,Universiteit van Amsterdam,50901,113A697,BACHELOR,180,Amsterdam,NLD,http://www.uva.nl/ba-hebreeuws,1,Hebreeuwse Taal en Cultuur | Hebrew Language and Culture,,,2026-08-21,DUO RIO HO Opleidingsoverzicht
Informatica,Computing Science,Universiteit van Amsterdam,56978,113A697,BACHELOR,180,Amsterdam,NLD,http://uva.nl/bsc-informatica,2,Computing Science | Informatica | Informatica - open curriculum | Informatica - vrije opleiding,,,2026-08-21,DUO RIO HO Opleidingsoverzicht
Informatiekunde,Information Science,Universiteit van Amsterdam,56842,113A697,BACHELOR,180,Amsterdam,NLD,http://uva.nl/bsc-informatiekunde,2,Informatiekunde | Informatiekunde - open curriculum | Informatiekunde - vrije opleiding | Information Science,,,2026-08-21,DUO RIO HO Opleidingsoverzicht
Interdisciplinaire sociale wetenschap,Interdisciplinary Social Science,Universiteit van Amsterdam,56631,113A697,BACHELOR,180,Amsterdam,NLD,https://www.uva.nl/programmas/bachelors/interdisciplinaire-sociale-wetenschap/interdisciplinaire-sociale-wetenschap.html,1,Interdisciplinaire Sociale Wetenschap | Interdisciplinaire sociale wetenschap | Interdisciplinary Social Science,,,2026-08-21,DUO RIO HO Opleidingsoverzicht
Italiaanse Taal en Cultuur,Italian Language and Culture,Universiteit van Amsterdam,56809,113A697,BACHELOR,180,Amsterdam,NLD,http://www.uva.nl/ba-italiaans,1,Italiaanse Taal en Cultuur | Italian Language and Culture,,,2026-08-21,DUO RIO HO Opleidingsoverzicht
Kunstgeschiedenis,Art History,Universiteit van Amsterdam,56824,113A697,BACHELOR,180,Amsterdam,NLD,http://www.uva.nl/ba-kunstgeschiedenis,1,Art History | Kunstgeschiedenis,,,2026-08-21,DUO RIO HO Opleidingsoverzicht
Kunstmatige Intelligentie,Artificial Intelligence,Universiteit van Amsterdam,56981,113A697,BACHELOR,180,Amsterdam,NLD,http://uva.nl/bsc-kunstmatige-intelligentie,1,Artificial Intelligence | Kunstmatige Intelligentie,,,2026-08-21,DUO RIO HO Opleidingsoverzicht
Liberal Arts and Sciences (joint degree),Liberal Arts and Sciences (joint degree),Universiteit van Amsterdam,55002,113A697,BACHELOR,180,Amsterdam,ENG,http://www.auc.nl/,1,Liberal Arts and Sciences (joint degree) | Liberal Arts and Sciences - joint degree UvA-VU,,,2026-08-21,DUO RIO HO Opleidingsoverzicht
Literatuurwetenschap,Literary Studies,Universiteit van Amsterdam,56802,113A697,BACHELOR,180,Amsterdam,ENG,http://www.uva.nl/ba-literary-and-cultural-analysis,1,Literary Studies | Literatuurwetenschap,,,2026-08-21,DUO RIO HO Opleidingsoverzicht
Media en Cultuur,Media and Culture,Universiteit van Amsterdam,50906,113A697,BACHELOR,180,Amsterdam,ENG | NLD,http://www.uva.nl/ba-media | http://www.uva.nl/ba-media-and-culture,2,Media and Culture | Media en Cultuur,,,2026-08-21,DUO RIO HO Opleidingsoverzicht
Media en informatie,Media and information,Universiteit van Amsterdam,50010,113A697,BACHELOR,180,Amsterdam,ENG,http://www.uva.nl/ba-media-and-information,1,Media and Information | Media and information | Media en informatie,,,2026-08-21,DUO RIO HO Opleidingsoverzicht
Medische Informatiekunde,Medical Informatics,Universiteit van Amsterdam,56573,113A697,BACHELOR,180,Amsterdam,NLD,http://www.uva.nl/onderwijs/bachelor/bacheloropleidingen/item/medische-informatiekunde.html,1,Medical Informatics | Medische Informatiekunde,,,2026-08-21,DUO RIO HO Opleidingsoverzicht
Muziekwetenschap,Musicology,Universiteit van Amsterdam,56700,113A697,BACHELOR,180,Amsterdam,NLD,http://www.uva.nl/ba-muziekwetenschap,1,Musicology | Muziekwetenschap,,,2026-08-21,DUO RIO HO Opleidingsoverzicht
Natuur- en Sterrenkunde (joint degree),Physics and Astronomy (joint degree),Universiteit van Amsterdam,55013,113A697,BACHELOR,180,Amsterdam,NLD,http://www.uva.nl/programmas/bachelors/natuur--en-sterrenkunde/natuur--en-sterrenkunde.html,2,"Natuur- en Sterrenkunde (joint degree) | Natuur- en Sterrenkunde - joint degree UvA-VU | Natuur- en Sterrenkunde - joint degree UvA-VU, open curriculum | Natuur- en Sterrenkunde - joint degree UvA-VU, vrije opleiding | Physics and Astronomy (joint degree)",,,2026-08-21,DUO RIO HO Opleidingsoverzicht
Nederlandse Taal en Cultuur,Dutch Language and Culture,Universiteit van Amsterdam,56804,113A697,BACHELOR,180,Amsterdam,NLD,http://www.uva.nl/ba-nederlands,1,Dutch Language and Culture | Nederlandse Taal en Cultuur,,,2026-08-21,DUO RIO HO Opleidingsoverzicht
Nieuwgriekse Taal en Cultuur,Modern Greek Language and Culture,Universiteit van Amsterdam,56814,113A697,BACHELOR,180,Amsterdam,NLD,http://www.uva.nl/ba-nieuwgrieks,1,Modern Greek Language and Culture | Nieuwgriekse Taal en Cultuur,,,2026-08-21,DUO RIO HO Opleidingsoverzicht
Onderwijswetenschappen,Educational Sciences,Universiteit van Amsterdam,50003,113A697,BACHELOR,180,Amsterdam,NLD,http://www.uva.nl/programmas/bachelors/onderwijswetenschappen/onderwijswetenschappen.html?origin=QM8V0lIERF2uFhPGbux%2F2g,1,Educational Sciences | Onderwijswetenschappen,,,2026-08-21,DUO RIO HO Opleidingsoverzicht
Oudheidwetenschappen,Ancient Studies,Universiteit van Amsterdam,56704,113A697,BACHELOR,180,Amsterdam,ENG | NLD,http://www.uva.nl/ba-ancient-studies | http://www.uva.nl/ba-oudheidwetenschappen,2,Ancient Studies | Oudheidwetenschappen,,,2026-08-21,DUO RIO HO Opleidingsoverzicht
Pedagogische Wetenschappen,Pedagogical Sciences,Universiteit van Amsterdam,56607,113A697,BACHELOR,180,Amsterdam,NLD,https://www.uva.nl/programmas/bachelors/pedagogische-wetenschappen/pedagogische-wetenschappen.html?origin=QM8V0lIERF2uFhPGbux%2F2g,2,Pedagogical Sciences | Pedagogische Wetenschappen | Pedagogische Wetenschappen - open curriculum | Pedagogische Wetenschappen - vrije opleiding,,,2026-08-21,DUO RIO HO Opleidingsoverzicht
Politicologie,Political Science,Universiteit van Amsterdam,56606,113A697,BACHELOR,180,Amsterdam,ENG | NLD,htp://www.uva.nl/bsc-politicalscience | http://uva.nl/bsc-politicologie,2,Political Science | Politicologie,,,2026-08-21,DUO RIO HO Opleidingsoverzicht
"Politics, Psychology, Law and Economics","Politics, Psychology, Law and Economics",Universiteit van Amsterdam,59312,113A697,BACHELOR,180,Amsterdam,ENG,http://pple.uva.nl,1,"Politics, Psychology, Law and Economics",,,2026-08-21,DUO RIO HO Opleidingsoverzicht
Psychobiologie,Psychobiology,Universiteit van Amsterdam,50014,113A697,BACHELOR,180,Amsterdam,NLD,http://uva.nl/bsc-psychobiologie,1,Psychobiologie | Psychobiology,pilot-01,1.000,2026-08-21,DUO RIO HO Opleidingsoverzicht
Psychologie,Psychology,Universiteit van Amsterdam,56604,113A697,BACHELOR,180,Amsterdam,ENG | NLD,http://uva.nl/bsc-psychologie | http://uva.nl/bsc-psychology,2,Psychologie | Psychology,pilot-09,1.000,2026-08-21,DUO RIO HO Opleidingsoverzicht
Rechtsgeleerdheid,Law,Universiteit van Amsterdam,50700,113A697,BACHELOR,180,Amsterdam,NLD,http://www.uva.nl/llb-rechtsgeleerdheid,1,Law | Rechtsgeleerdheid,,,2026-08-21,DUO RIO HO Opleidingsoverzicht
Religiewetenschappen,Religious Studies,Universiteit van Amsterdam,50902,113A697,BACHELOR,180,Amsterdam,NLD,http://www.uva.nl/ba-religiewetenschappen,1,Religiewetenschappen | Religious Studies,,,2026-08-21,DUO RIO HO Opleidingsoverzicht
Scandinavische Talen en Culturen,Scandinavian Languages and Cultures,Universiteit van Amsterdam,56807,113A697,BACHELOR,180,Amsterdam,NLD,http://www.uva.nl/ba-scandinavisch,1,Scandinavian Languages and Cultures | Scandinavische Talen en Culturen,,,2026-08-21,DUO RIO HO Opleidingsoverzicht
Scheikunde (joint degree),Chemistry (joint degree),Universiteit van Amsterdam,55012,113A697,BACHELOR,180,Amsterdam,NLD,http://uva.nl/bsc-scheikunde,2,"Chemistry (joint degree) | Scheikunde (joint degree) | Scheikunde - joint degree UvA-VU | Scheikunde - joint degree UvA-VU, open curriculum | Scheikunde - joint degree UvA-VU, vrije opleiding",,,2026-08-21,DUO RIO HO Opleidingsoverzicht
"Science, Technology & Innovation","Science, Technology & Innovation",Universiteit van Amsterdam,50993,113A697,BACHELOR,180,Amsterdam,NLD,https://www.uva.nl/programmas/bachelors/science-technology-and-innovation/science-technology-and-innovation.html,1,"Science, Technology & Innovation",,,2026-08-21,DUO RIO HO Opleidingsoverzicht
Slavische Talen en Culturen,Slavonic Language and Culture,Universiteit van Amsterdam,56813,113A697,BACHELOR,180,Amsterdam,NLD,http://www.uva.nl/ba-slavisch,1,Slavische Talen en Culturen | Slavonic Language and Culture,,,2026-08-21,DUO RIO HO Opleidingsoverzicht
Sociale Geografie en Planologie,Human Geography and Planning,Universiteit van Amsterdam,56838,113A697,BACHELOR,180,Amsterdam,ENG | NLD,https://www.uva.nl/programmas/bachelors/sociale-geografie-en-planologie/sociale-geografie-en-planologie.html | https://www.uva.nl/shared-content/programmas/en/bachelors/human-geography-and-planning/human-geography-and-planning.html,2,Human Geography and Planning | Sociale Geografie en Planologie,,,2026-08-21,DUO RIO HO Opleidingsoverzicht
Sociologie,Sociology,Universiteit van Amsterdam,56601,113A697,BACHELOR,180,Amsterdam,ENG | NLD,http://uva.nl/bsc-sociologie | http://uva.nl/bsc-sociology,2,Sociologie | Sociology,,,2026-08-21,DUO RIO HO Opleidingsoverzicht
Spaanse Taal en Cultuur,Spanish Language and Culture,Universiteit van Amsterdam,56810,113A697,BACHELOR,180,Amsterdam,NLD,http://www.uva.nl/ba-spaans,1,Spaanse Taal en Cultuur | Spanish Language and Culture,,,2026-08-21,DUO RIO HO Opleidingsoverzicht
Taalwetenschap,Linguistics,Universiteit van Amsterdam,56803,113A697,BACHELOR,180,Amsterdam,ENG,http://www.uva.nl/ba-linguistics,1,Linguistics | Taalwetenschap,,,2026-08-21,DUO RIO HO Opleidingsoverzicht
Tandheelkunde,Dentistry,Universiteit van Amsterdam,56560,113A697,BACHELOR,180,Amsterdam,NLD,http://www.uva.nl/bsc-tandheelkunde,1,Dentistry | Tandheelkunde,,,2026-08-21,DUO RIO HO Opleidingsoverzicht
Theaterwetenschap,Theatre Studies,Universiteit van Amsterdam,56702,113A697,BACHELOR,180,Amsterdam,NLD,http://www.uva.nl/ba-theaterwetenschap,1,Theaterwetenschap | Theatre Studies,,,2026-08-21,DUO RIO HO Opleidingsoverzicht
Wiskunde,Mathematics,Universiteit van Amsterdam,56980,113A697,BACHELOR,180,Amsterdam,NLD,http://uva.nl/bsc-wiskunde,2,Mathematics | Wiskunde | Wiskunde - open curriculum | Wiskunde - vrije opleiding,,,2026-08-21,DUO RIO HO Opleidingsoverzicht
Humanistiek,Humanistic Studies,Universiteit voor Humanistiek,56105,109A997,BACHELOR,180,Utrecht,NLD,,1,Humanistic Studies | Humanistiek,,,2026-08-21,DUO RIO HO Opleidingsoverzicht
"Aarde, Economie en Duurzaamheid","Earth Sciences, Economics and Sustainability",VU - Vrije Universiteit Amsterdam,50668,111A136,BACHELOR,180,Amsterdam,NLD,,1,"Aarde, Economie en Duurzaamheid | B Aarde, Economie en Duurzaamheid | B Earth Sciences, Economics and Sustain. | Earth Sciences, Economics and Sustainability",,,2026-08-21,DUO RIO HO Opleidingsoverzicht
Aardwetenschappen,Earth Sciences,VU - Vrije Universiteit Amsterdam,56986,111A136,BACHELOR,180,Amsterdam,NLD,,1,Aardwetenschappen | B Aardwetenschappen | B Earth Sciences | Earth Sciences,,,2026-08-21,DUO RIO HO Opleidingsoverzicht
Archeologie,Archaeology,VU - Vrije Universiteit Amsterdam,56703,111A136,BACHELOR,180,Amsterdam,NLD,,1,Archaeology | Archeologie | B Archaeology | B Archeologie,,,2026-08-21,DUO RIO HO Opleidingsoverzicht
Artificial Intelligence,Artificial Intelligence,VU - Vrije Universiteit Amsterdam,56945,111A136,BACHELOR,180,Amsterdam,ENG,,1,Artificial Intelligence | B Artificial Intelligence,,,2026-08-21,DUO RIO HO Opleidingsoverzicht
Bedrijfskunde,Business Administration,VU - Vrije Universiteit Amsterdam,50645,111A136,BACHELOR,180,Amsterdam,NLD,,1,B Bedrijfskunde | B Business Administration | Bedrijfskunde | Business Administration,,,2026-08-21,DUO RIO HO Opleidingsoverzicht
Bestuurs- en Organisatiewetenschap,Public Administration and Organization Science,VU - Vrije Universiteit Amsterdam,50007,111A136,BACHELOR,180,Amsterdam,NLD,,1,B Bestuurs- en Organisatiewetenschap | B Public Administration and Organization | Bestuurs- en Organisatiewetenschap | Public Administration and Organization Science,,,2026-08-21,DUO RIO HO Opleidingsoverzicht
Bewegingswetenschappen,Human Movement Sciences,VU - Vrije Universiteit Amsterdam,56950,111A136,BACHELOR,180,Amsterdam,NLD,,1,B Bewegingswetenschappen | B Human Movement Sciences | Bewegingswetenschappen | Human Movement Sciences,,,2026-08-21,DUO RIO HO Opleidingsoverzicht
Biologie,Biology,VU - Vrije Universiteit Amsterdam,56860,111A136,BACHELOR,180,Amsterdam,NLD,,1,B Biologie | B Biology | Biologie | Biology,,,2026-08-21,DUO RIO HO Opleidingsoverzicht
Biomedical Sciences,Biomedical Sciences,VU - Vrije Universiteit Amsterdam,59324,111A136,BACHELOR,180,Amsterdam,ENG,,1,B Biomedical Sciences | Biomedical Sciences,,,2026-08-21,DUO RIO HO Opleidingsoverzicht
Business Analytics,Business Analytics,VU - Vrije Universiteit Amsterdam,56856,111A136,BACHELOR,180,Amsterdam,ENG,,1,B Business Analytics | Business Analytics,,,2026-08-21,DUO RIO HO Opleidingsoverzicht
Communicatie- en Informatiewetenschappen,Communication and Information Studies,VU - Vrije Universiteit Amsterdam,56826,111A136,BACHELOR,180,Amsterdam,NLD,,1,B Communicatie & Informatiewetenschappen | B Communication and Information Studies | Communicatie- en Informatiewetenschappen | Communication and Information Studies,,,2026-08-21,DUO RIO HO Opleidingsoverzicht
Communicatiewetenschap,Communication Science,VU - Vrije Universiteit Amsterdam,56615,111A136,BACHELOR,180,Amsterdam,ENG | NLD,,2,B Communicatiewetenschap | B Communication Science | B Communication Science (Dutch taught) | Communicatiewetenschap | Communication Science,,,2026-08-21,DUO RIO HO Opleidingsoverzicht
Computer Science,Computer Science,VU - Vrije Universiteit Amsterdam,50426,111A136,BACHELOR,180,Amsterdam,ENG,,1,B Computer Science | Computer Science,,,2026-08-21,DUO RIO HO Opleidingsoverzicht
Criminologie,Criminology,VU - Vrije Universiteit Amsterdam,56469,111A136,BACHELOR,180,Amsterdam,NLD,,1,B Criminologie | B Criminology | Criminologie | Criminology,,,2026-08-21,DUO RIO HO Opleidingsoverzicht
Culturele Antropologie en Ontwikkelingssociologie,Cultural Anthropology and Development Sociology,VU - Vrije Universiteit Amsterdam,50035,111A136,BACHELOR,180,Amsterdam,ENG | NLD,,2,B Cultural Anthropology and Dev. Soc. | B Culturele Antropologie en Ontw. Soc. | Cultural Anthropology and Dev. Soc. | Cultural Anthropology and Development Sociology | Culturele Antropologie en Ontwikkelingssociologie,,,2026-08-21,DUO RIO HO Opleidingsoverzicht
Econometrics and Data Science,Econometrics and Data Science,VU - Vrije Universiteit Amsterdam,59332,111A136,BACHELOR,180,Amsterdam,NLD,,1,B Econometrics and Data Science | Econometrics and Data Science,,,2026-08-21,DUO RIO HO Opleidingsoverzicht
Econometrie en Operationele Research,Econometrics and Operations Research,VU - Vrije Universiteit Amsterdam,56833,111A136,BACHELOR,180,Amsterdam,NLD,,1,B Econometrics and Operations Research | B Econometrie en Operationele Research | Econometrics and Operations Research | Econometrie en Operationele Research,,,2026-08-21,DUO RIO HO Opleidingsoverzicht
Economie en Bedrijfseconomie,Economics and Business Economics,VU - Vrije Universiteit Amsterdam,50950,111A136,BACHELOR,180,Amsterdam,NLD,,1,B Economics and Business Economics | B Economie en bedrijfseconomie | Economics and Business Economics | Economie en Bedrijfseconomie,,,2026-08-21,DUO RIO HO Opleidingsoverzicht
Farmaceutische Wetenschappen,Pharmaceutical Sciences,VU - Vrije Universiteit Amsterdam,56989,111A136,BACHELOR,180,Amsterdam,NLD,,1,B Farmaceutische Wetenschappen | B Pharmaceutical Sciences | Farmaceutische Wetenschappen | Pharmaceutical Sciences,,,2026-08-21,DUO RIO HO Opleidingsoverzicht
Filosofie,Philosophy,VU - Vrije Universiteit Amsterdam,56081,111A136,BACHELOR,180,Amsterdam,NLD,,1,B Filosofie | B Philosophy | Filosofie | Philosophy,,,2026-08-21,DUO RIO HO Opleidingsoverzicht
Geneeskunde,Medicine,VU - Vrije Universiteit Amsterdam,56551,111A136,BACHELOR,180,Amsterdam,NLD,,1,B Geneeskunde | B Medicine | Geneeskunde | Medicine,,,2026-08-21,DUO RIO HO Opleidingsoverzicht
Geschiedenis,History,VU - Vrije Universiteit Amsterdam,56034,111A136,BACHELOR,180,Amsterdam,NLD,,1,B Geschiedenis | B History | Geschiedenis | History,,,2026-08-21,DUO RIO HO Opleidingsoverzicht
Gezondheid en Leven,Health and Life Sciences,VU - Vrije Universiteit Amsterdam,50509,111A136,BACHELOR,180,Amsterdam,ENG,,1,B Gezondheid en Leven | B Health and Life Sciences | Gezondheid en Leven | Health and Life Sciences,,,2026-08-21,DUO RIO HO Opleidingsoverzicht
Gezondheidswetenschappen,Health Sciences,VU - Vrije Universiteit Amsterdam,56553,111A136,BACHELOR,180,Amsterdam,NLD,,1,B Gezondheidswetenschappen | B Health Sciences | Gezondheidswetenschappen | Health Sciences,,,2026-08-21,DUO RIO HO Opleidingsoverzicht
Griekse en Latijnse Taal en Cultuur,Greek and Latin Languages and Cultures,VU - Vrije Universiteit Amsterdam,56003,111A136,BACHELOR,180,Amsterdam,NLD,,1,B Greek and Latin Languages and Cultures | B Griekse en Latijnse Taal en Cultuur | Greek and Latin Languages and Cultures | Griekse en Latijnse Taal en Cultuur,,,2026-08-21,DUO RIO HO Opleidingsoverzicht
International Business Administration,International Business Administration,VU - Vrije Universiteit Amsterdam,50952,111A136,BACHELOR,180,Amsterdam,ENG,,1,B International Business Administration | International Business Administration,,,2026-08-21,DUO RIO HO Opleidingsoverzicht
Law in Society,Law in Society,VU - Vrije Universiteit Amsterdam,59334,111A136,BACHELOR,180,Amsterdam,ENG,,1,B Law in Society | Law in Society,,,2026-08-21,DUO RIO HO Opleidingsoverzicht
Literatuur en Samenleving,Literature and Society,VU - Vrije Universiteit Amsterdam,55823,111A136,BACHELOR,180,Amsterdam,NLD,,1,B Literature and Society | B Literatuur en Samenleving | Literature and Society | Literatuur en Samenleving,,,2026-08-21,DUO RIO HO Opleidingsoverzicht
Mathematics,Mathematics,VU - Vrije Universiteit Amsterdam,59322,111A136,BACHELOR,180,Amsterdam,ENG,,1,B Mathematics | Mathematics,,,2026-08-21,DUO RIO HO Opleidingsoverzicht
"Media, Kunst, Design en Architectuur","Media, Art, Design and Architecture",VU - Vrije Universiteit Amsterdam,55822,111A136,BACHELOR,180,Amsterdam,NLD,,1,"B Media, Art, Design and Architecture | B Media, Kunst, Design en Architectuur | Media, Art, Design and Architecture | Media, Kunst, Design en Architectuur",,,2026-08-21,DUO RIO HO Opleidingsoverzicht
Medische Natuurwetenschappen,Medical Natural Sciences,VU - Vrije Universiteit Amsterdam,50800,111A136,BACHELOR,180,Amsterdam,NLD,,1,B Medical Natural Sciences | B Medische Natuurwetenschappen | Medical Natural Sciences | Medische Natuurwetenschappen,,,2026-08-21,DUO RIO HO Opleidingsoverzicht
Notarieel Recht,Notarial Law,VU - Vrije Universiteit Amsterdam,56828,111A136,BACHELOR,180,Amsterdam,NLD,,1,B Notarieel recht | B in Notarial Law | Notarial Law | Notarieel Recht,,,2026-08-21,DUO RIO HO Opleidingsoverzicht
Oudheidwetenschappen,Ancient Studies,VU - Vrije Universiteit Amsterdam,56704,111A136,BACHELOR,180,Amsterdam,NLD,,1,Ancient Studies | B Ancient Studies | B Oudheidwetenschappen | Oudheidwetenschappen,,,2026-08-21,DUO RIO HO Opleidingsoverzicht
Pedagogische Wetenschappen,Pedagogical Sciences,VU - Vrije Universiteit Amsterdam,56607,111A136,BACHELOR,180,Amsterdam,NLD,,1,B Education | B Pedagogische wetenschappen | Pedagogical Sciences | Pedagogische Wetenschappen,,,2026-08-21,DUO RIO HO Opleidingsoverzicht
"Philosophy, Politics and Economics","Philosophy, Politics and Economics",VU - Vrije Universiteit Amsterdam,54999,111A136,BACHELOR,180,Amsterdam,ENG,,1,"B Philosophy, Politics and Economics | Philosophy, Politics and Economics",,,2026-08-21,DUO RIO HO Opleidingsoverzicht
Politicologie,Political Science,VU - Vrije Universiteit Amsterdam,56606,111A136,BACHELOR,180,Amsterdam,ENG | NLD,,2,B Political Science | B Politicologie | B Politicologie (Dutch taught) | Political Science | Politicologie,,,2026-08-21,DUO RIO HO Opleidingsoverzicht
Psychologie,Psychology,VU - Vrije Universiteit Amsterdam,56604,111A136,BACHELOR,180,Amsterdam,NLD,,1,B Psychologie | B Psychology | Psychologie | Psychology,,,2026-08-21,DUO RIO HO Opleidingsoverzicht
Rechtsgeleerdheid,Law,VU - Vrije Universiteit Amsterdam,50700,111A136,BACHELOR,180,Amsterdam,NLD,,1,B Rechtsgeleerdheid | B in Law | Law | Rechtsgeleerdheid,,,2026-08-21,DUO RIO HO Opleidingsoverzicht
"Science, Business & Innovation","Science, Business & Innovation",VU - Vrije Universiteit Amsterdam,50670,111A136,BACHELOR,180,Amsterdam,NLD,,1,"B Science, Business & Innovation | Science, Business & Innovation",,,2026-08-21,DUO RIO HO Opleidingsoverzicht
Sociologie,Sociology,VU - Vrije Universiteit Amsterdam,56601,111A136,BACHELOR,180,Amsterdam,NLD,,1,B Sociologie | B Sociology | Sociologie | Sociology,,,2026-08-21,DUO RIO HO Opleidingsoverzicht
Tandheelkunde,Dentistry,VU - Vrije Universiteit Amsterdam,56560,111A136,BACHELOR,180,Amsterdam,NLD,,1,B Dentistry | B Tandheelkunde | Dentistry | Tandheelkunde,,,2026-08-21,DUO RIO HO Opleidingsoverzicht
Agrotechnologie,Biosystems Engineering,Wageningen University,56831,114A640,BACHELOR,180,Wageningen,NLD,http://www.wur.nl/bat,1,Agrotechnologie | Bachelor Agrotechnologie | Biosystems Engineering,,,2026-08-21,DUO RIO HO Opleidingsoverzicht
Animal Sciences,Animal Sciences,Wageningen University,56849,114A640,BACHELOR,180,Wageningen,ENG,http://www.wur.nl/bdw,1,Animal Sciences | Bachelor's Animal Sciences,,,2026-08-21,DUO RIO HO Opleidingsoverzicht
Bedrijfs- en Consumentenwetenschappen,Business and Consumer Studies,Wageningen University,56836,114A640,BACHELOR,180,Wageningen,NLD,http://www.wur.nl/bbc,1,Bachelor Bedrijfs- en Consumentenwetenschappen | Bedrijfs- en Consumentenwetenschappen | Business and Consumer Studies,,,2026-08-21,DUO RIO HO Opleidingsoverzicht
Biologie,Biology,Wageningen University,56860,114A640,BACHELOR,180,Wageningen,NLD,biologyportal.wur.nl,1,Bachelor Biologie | Biologie | Biology,,,2026-08-21,DUO RIO HO Opleidingsoverzicht
Biotechnologie,Biotechnology,Wageningen University,56841,114A640,BACHELOR,180,Wageningen,NLD,http://www.wur.nl/bbt,1,Bachelor Biotechnologie | Biotechnologie | Biotechnology,,,2026-08-21,DUO RIO HO Opleidingsoverzicht
Communicatie en Life Sciences,Communication and Life Sciences,Wageningen University,50016,114A640,BACHELOR,180,Wageningen,NLD,http://www.wur.nl/bcl,1,Bachelor Communicatie en Life Sciences | Communicatie en Life Sciences | Communication and Life Sciences,,,2026-08-21,DUO RIO HO Opleidingsoverzicht
Data Science for Global Challenges,Data Science for Global Challenges,Wageningen University,59026,114A640,BACHELOR,180,Wageningen,NLD,,1,Bachelor's Data Science for Global Challenges | Data Science for Global Challenges,,,2026-08-21,DUO RIO HO Opleidingsoverzicht
Economie en Beleid,Economics and Governance,Wageningen University,50101,114A640,BACHELOR,180,Wageningen,NLD,http://www.wur.nl/beb,1,Bachelor Economie en Beleid | Economics and Governance | Economie en Beleid,,,2026-08-21,DUO RIO HO Opleidingsoverzicht
Environmental Sciences,Environmental Sciences,Wageningen University,56283,114A640,BACHELOR,180,Wageningen,ENG,http://www.wur.nl/bmw,1,Bachelor's Environmental Sciences | Environmental Sciences,pilot-02,1.000,2026-08-21,DUO RIO HO Opleidingsoverzicht
Food Technology,Food Technology,Wageningen University,56973,114A640,BACHELOR,180,Wageningen,ENG,http://www.wur.nl/blt,1,Bachelor's Food Technology | Food Technology,,,2026-08-21,DUO RIO HO Opleidingsoverzicht
Gezondheid en Maatschappij,Health and Society,Wageningen University,50018,114A640,BACHELOR,180,Wageningen,NLD,http://www.wur.nl/bgm,1,Bachelor Gezondheid en Maatschappij | Gezondheid en Maatschappij | Health and Society,,,2026-08-21,DUO RIO HO Opleidingsoverzicht
International Land and Water Management,International Land and Water Management,Wageningen University,50100,114A640,BACHELOR,180,Wageningen,ENG,http://www.wur.nl/bil,1,Bachelor International Land and Water Management | International Land and Water Management,,,2026-08-21,DUO RIO HO Opleidingsoverzicht
Internationale Ontwikkelingsstudies,International Development Studies,Wageningen University,56837,114A640,BACHELOR,180,Wageningen,NLD,http://www.wur.nl/bin,1,Bachelor Internationale Ontwikkelingsstudies | International Development Studies | Internationale Ontwikkelingsstudies,,,2026-08-21,DUO RIO HO Opleidingsoverzicht
Landschapsarchitectuur en ruimtelijke planning,Landscape Architecture and Planning,Wageningen University,56848,114A640,BACHELOR,180,Wageningen,NLD,http://www.wur.nl/blp,1,Bachelor Landschapsarchitectuur& Ruimtelijke Planning | Landscape Architecture and Planning | Landschapsarchitectuur en ruimtelijke planning,,,2026-08-21,DUO RIO HO Opleidingsoverzicht
Marine Sciences,Marine Sciences,Wageningen University,50859,114A640,BACHELOR,180,Wageningen,ENG,,1,Bachelor Marine Sciences | Marine Sciences,,,2026-08-21,DUO RIO HO Opleidingsoverzicht
Moleculaire Levenswetenschappen,Molecular Life Sciences,Wageningen University,59304,114A640,BACHELOR,180,Wageningen,NLD,http://www.wur.nl/bml,1,Bachelor Moleculaire Levenswetenschappen | Moleculaire Levenswetenschappen | Molecular Life Sciences,,,2026-08-21,DUO RIO HO Opleidingsoverzicht
Plantenwetenschappen,Plant Sciences,Wageningen University,56835,114A640,BACHELOR,180,Wageningen,NLD,http://www.wur.nl/bpw,1,Bachelor Plantenwetenschappen | Plant Sciences | Plantenwetenschappen,,,2026-08-21,DUO RIO HO Opleidingsoverzicht
"Soil, Water, Atmosphere","Soil, Water, Atmosphere",Wageningen University,56968,114A640,BACHELOR,180,Wageningen,ENG,http://www.wur.nl/bbw,1,"Bachelor's Earth System Sciences | Soil, Water, Atmosphere",,,2026-08-21,DUO RIO HO Opleidingsoverzicht
Tourism (joint degree),Tourism (joint degree),Wageningen University,55001,114A640,BACHELOR,180,Breda,NLD,http://www.wur.nl/bto,1,Bachelor's Tourism (joint degree) | Tourism (joint degree),,,2026-08-21,DUO RIO HO Opleidingsoverzicht
Voeding en Gezondheid,Nutrition and Health,Wageningen University,56868,114A640,BACHELOR,180,Wageningen,NLD,http://www.wur.nl/bvg,1,Bachelor Voeding en Gezondheid | Nutrition and Health | Voeding en Gezondheid,,,2026-08-21,DUO RIO HO Opleidingsoverzicht
