source_excel_row,counselor_programme_id,mapping_status,mapping_basis,decision_case_ids_json,source_name,source_provider
2,,excluded-no-current-target,step2-resolution,"[""rc-0083""]",Academische Pabo,Erasmus Universiteit Rotterdam
3,cp-000001,one-to-one,step1-no-ambiguity,[],Bachelor Bestuurskunde,Erasmus Universiteit Rotterdam
4,cp-000002,one-to-one,step1-no-ambiguity,[],Bachelor in Management of International Social Challenges,Erasmus Universiteit Rotterdam
5,cp-000003,one-to-one,step1-no-ambiguity,[],Bachelor Pedagogische Wetenschappen,Erasmus Universiteit Rotterdam
6,cp-000004,one-to-one,step1-no-ambiguity,[],Bachelor Psychologie,Erasmus Universiteit Rotterdam
7,cp-000005,one-to-one,step1-no-ambiguity,[],Bachelor Sociologie,Erasmus Universiteit Rotterdam
8,cp-000006,one-to-one,step1-no-ambiguity,[],Bedrijfskunde,Erasmus Universiteit Rotterdam
9,cp-000007,merged-source-rows,step2-resolved,"[""rc-0001"",""rc-0002""]",BSc2 Econometrics,Erasmus Universiteit Rotterdam
10,cp-000007,merged-source-rows,step2-resolved,"[""rc-0001"",""rc-0002""]",BSc2 Economics,Erasmus Universiteit Rotterdam
11,cp-000008,one-to-one,step1-no-ambiguity,[],Criminologie,Erasmus Universiteit Rotterdam
12,cp-000009,one-to-one,step1-no-ambiguity,[],Econometrie en Operationele Research,Erasmus Universiteit Rotterdam
13,cp-000010,one-to-one,step1-no-ambiguity,[],Economie en Bedrijfseconomie,Erasmus Universiteit Rotterdam
14,cp-000011,one-to-one,step1-no-ambiguity,[],Filosofie,Erasmus Universiteit Rotterdam
15,cp-000012,one-to-one,step2-resolved,"[""rc-0003""]",Filosofie (met Willem de Kooning Academy),Erasmus Universiteit Rotterdam
16,cp-000013,one-to-one,step1-no-ambiguity,[],Filosofie van een Bepaald Wetenschapsgebied,Erasmus Universiteit Rotterdam
17,cp-000014,one-to-one,step1-no-ambiguity,[],Fiscaal Recht,Erasmus Universiteit Rotterdam
18,cp-000015,one-to-one,step2-resolved,"[""rc-0004""]",Fiscale Economie,Erasmus Universiteit Rotterdam
19,cp-000016,one-to-one,step1-no-ambiguity,[],Geneeskunde,Erasmus Universiteit Rotterdam
20,cp-000017,one-to-one,step1-no-ambiguity,[],Geschiedenis,Erasmus Universiteit Rotterdam
21,cp-000018,one-to-one,step1-no-ambiguity,[],Gezondheidswetenschappen,Erasmus Universiteit Rotterdam
22,cp-000019,one-to-one,step1-no-ambiguity,[],International Bachelor Arts and Culture Studies,Erasmus Universiteit Rotterdam
23,cp-000020,one-to-one,step1-no-ambiguity,[],International Bachelor Communication and Media,Erasmus Universiteit Rotterdam
24,cp-000021,one-to-one,step1-no-ambiguity,[],International Bachelor Econometrics and Operations Research,Erasmus Universiteit Rotterdam
25,cp-000022,one-to-one,step1-no-ambiguity,[],International Bachelor Economics and Business Economics,Erasmus Universiteit Rotterdam
26,cp-000023,one-to-one,step1-no-ambiguity,[],International Bachelor History,Erasmus Universiteit Rotterdam
27,cp-000024,one-to-one,step1-no-ambiguity,[],International Bachelor of Psychology,Erasmus Universiteit Rotterdam
28,cp-000025,one-to-one,step1-no-ambiguity,[],International Business Administration,Erasmus Universiteit Rotterdam
29,cp-000026,one-to-one,step1-no-ambiguity,[],Liberal Arts and Sciences,Erasmus Universiteit Rotterdam
30,cp-000027,one-to-one,step1-no-ambiguity,[],Rechtsgeleerdheid,Erasmus Universiteit Rotterdam
31,cp-000028,one-to-one,step1-no-ambiguity,[],Academische Leraren Opleiding Pedagogische Wetenschappen,Radboud Universiteit Nijmegen (RU) Faculteit der Sociale Wetenschappen
32,cp-000029,one-to-one,step1-no-ambiguity,[],Algemene Cultuurwetenschappen,Radboud Universiteit Nijmegen (RU) Faculteit der Letteren
33,cp-000030,one-to-one,step1-no-ambiguity,[],American Studies,Radboud Universiteit Nijmegen (RU) Faculteit der Letteren
34,cp-000031,one-to-one,step1-no-ambiguity,[],Artificial Intelligence,Radboud Universiteit Nijmegen (RU) Faculteit der Sociale Wetenschappen
35,cp-000032,one-to-one,step1-no-ambiguity,[],Arts and Culture Studies,Radboud Universiteit Nijmegen (RU) Faculteit der Letteren
36,cp-000033,one-to-one,step1-no-ambiguity,[],Bedrijfskunde,Radboud Universiteit Nijmegen (RU) Faculteit der Managementwetenschappen
37,cp-000034,one-to-one,step1-no-ambiguity,[],Bestuurskunde,Radboud Universiteit Nijmegen (RU) Faculteit der Managementwetenschappen
38,cp-000035,one-to-one,step1-no-ambiguity,[],Biologie,Radboud Universiteit Nijmegen (RU) Faculteit der NWI
39,cp-000036,one-to-one,step1-no-ambiguity,[],Biomedische Wetenschappen,Radboud Universiteit Nijmegen (RU) Faculteit der Medische Wetenschappen
40,cp-000037,one-to-one,step1-no-ambiguity,[],Communicatie- en Informatiewetenschappen,Radboud Universiteit Nijmegen (RU) Faculteit der Letteren
41,cp-000038,one-to-one,step1-no-ambiguity,[],Communicatiewetenschap,Radboud Universiteit Nijmegen (RU) Faculteit der Sociale Wetenschappen
42,cp-000039,one-to-one,step1-no-ambiguity,[],Culturele Antropologie en Ontwikkelingssociologie,Radboud Universiteit Nijmegen (RU) Faculteit der Sociale Wetenschappen
43,cp-000040,one-to-one,step1-no-ambiguity,[],Duitse Taal en Cultuur,Radboud Universiteit Nijmegen (RU) Faculteit der Letteren
44,cp-000041,one-to-one,step1-no-ambiguity,[],Economics and Business Economics,Radboud Universiteit Nijmegen (RU) Faculteit der Managementwetenschappen
45,cp-000042,one-to-one,step1-no-ambiguity,[],Economie en Bedrijfseconomie,Radboud Universiteit Nijmegen (RU) Faculteit der Managementwetenschappen
46,cp-000043,one-to-one,step1-no-ambiguity,[],English Language and Culture,Radboud Universiteit Nijmegen (RU) Faculteit der Letteren
47,cp-000044,one-to-one,step2-resolved,"[""rc-0005""]",European Law School,Radboud Universiteit Nijmegen (RU) Faculteit der Rechtsgeleerdheid
48,cp-000045,one-to-one,step1-no-ambiguity,[],Filosofie,Radboud Universiteit Nijmegen (RU) Faculteit der FTR
49,cp-000046,one-to-one,step1-no-ambiguity,[],Franse Taal en Cultuur,Radboud Universiteit Nijmegen (RU) Faculteit der Letteren
50,cp-000047,one-to-one,step1-no-ambiguity,[],Geneeskunde,Radboud Universiteit Nijmegen (RU) Faculteit der Medische Wetenschappen
51,cp-000048,one-to-one,step1-no-ambiguity,[],"Geografie, Planologie en Milieu",Radboud Universiteit Nijmegen (RU) Faculteit der Managementwetenschappen
52,cp-000049,one-to-one,step1-no-ambiguity,[],Geschiedenis,Radboud Universiteit Nijmegen (RU) Faculteit der Letteren
53,cp-000050,one-to-one,step1-no-ambiguity,[],Griekse en Latijnse Taal en Cultuur,Radboud Universiteit Nijmegen (RU) Faculteit der Letteren
54,cp-000051,one-to-one,step1-no-ambiguity,[],Humane Neurowetenschappen,Radboud Universiteit Nijmegen (RU) Faculteit der Sociale Wetenschappen
55,cp-000052,one-to-one,step1-no-ambiguity,[],Informatica,Radboud Universiteit Nijmegen (RU) Faculteit der NWI
56,cp-000053,one-to-one,step1-no-ambiguity,[],International Business Administration,Radboud Universiteit Nijmegen (RU) Faculteit der Managementwetenschappen
57,cp-000054,one-to-one,step1-no-ambiguity,[],International Business Communication,Radboud Universiteit Nijmegen (RU) Faculteit der Letteren
58,cp-000055,one-to-one,step2-resolved,"[""rc-0006""]","Islam, Politiek en Samenleving",Radboud Universiteit Nijmegen (RU) Faculteit der FTR
59,cp-000056,one-to-one,step1-no-ambiguity,[],Kunstgeschiedenis,Radboud Universiteit Nijmegen (RU) Faculteit der Letteren
60,cp-000057,one-to-one,step1-no-ambiguity,[],Moleculaire Levenswetenschappen,Radboud Universiteit Nijmegen (RU) Faculteit der NWI
61,cp-000058,one-to-one,step1-no-ambiguity,[],Natural Sciences,Radboud Universiteit Nijmegen (RU) Faculteit der NWI
62,cp-000059,one-to-one,step1-no-ambiguity,[],Natuur- en Sterrenkunde,Radboud Universiteit Nijmegen (RU) Faculteit der NWI
63,cp-000060,one-to-one,step1-no-ambiguity,[],Nederlandse Taal en Cultuur,Radboud Universiteit Nijmegen (RU) Faculteit der Letteren
64,cp-000061,one-to-one,step2-resolved,"[""rc-0007""]",Notarieel Recht,Radboud Universiteit Nijmegen (RU) Faculteit der Rechtsgeleerdheid
65,cp-000062,one-to-one,step1-no-ambiguity,[],Pedagogische Wetenschappen,Radboud Universiteit Nijmegen (RU) Faculteit der Sociale Wetenschappen
66,cp-000063,one-to-one,step1-no-ambiguity,[],Pedagogische Wetenschappen van Primair Onderwijs,Radboud Universiteit Nijmegen (RU) Faculteit der Sociale Wetenschappen
67,cp-000064,one-to-one,step1-no-ambiguity,[],"Philosophy, Politics and Society",Radboud Universiteit Nijmegen (RU) Faculteit der FTR
68,cp-000065,one-to-one,step1-no-ambiguity,[],Politicologie,Radboud Universiteit Nijmegen (RU) Faculteit der Managementwetenschappen
69,cp-000066,one-to-one,step1-no-ambiguity,[],Psychologie,Radboud Universiteit Nijmegen (RU) Faculteit der Sociale Wetenschappen
70,cp-000067,one-to-one,step2-resolved,"[""rc-0008""]",Rechtsgeleerdheid,Radboud Universiteit Nijmegen (RU) Faculteit der Rechtsgeleerdheid
71,cp-000068,one-to-one,step2-resolved,"[""rc-0009""]","Religie, Politiek en Samenleving",Radboud Universiteit Nijmegen (RU) Faculteit der FTR
72,cp-000069,one-to-one,step1-no-ambiguity,[],"Samenleving, Taal en Cultuur",Radboud Universiteit Nijmegen (RU) Faculteit der Letteren
73,cp-000070,one-to-one,step1-no-ambiguity,[],Scheikunde,Radboud Universiteit Nijmegen (RU) Faculteit der NWI
74,cp-000071,one-to-one,step1-no-ambiguity,[],Sociologie,Radboud Universiteit Nijmegen (RU) Faculteit der Sociale Wetenschappen
75,cp-000072,one-to-one,step1-no-ambiguity,[],Spaanse Taal en Cultuur,Radboud Universiteit Nijmegen (RU) Faculteit der Letteren
76,cp-000073,one-to-one,step1-no-ambiguity,[],Taalwetenschap,Radboud Universiteit Nijmegen (RU) Faculteit der Letteren
77,cp-000074,one-to-one,step1-no-ambiguity,[],Tandheelkunde,Radboud Universiteit Nijmegen (RU) Faculteit der Medische Wetenschappen
78,cp-000075,one-to-one,step2-resolved,"[""rc-0010""]",Theologie,Radboud Universiteit Nijmegen (RU) Faculteit der FTR
79,cp-000076,one-to-one,step1-no-ambiguity,[],Wiskunde,Radboud Universiteit Nijmegen (RU) Faculteit der NWI
80,cp-000077,one-to-one,step1-no-ambiguity,[],"B Aarde, Economie en Duurzaamheid",VU - Vrije Universiteit Amsterdam
81,cp-000078,one-to-one,step1-no-ambiguity,[],B Aardwetenschappen,VU - Vrije Universiteit Amsterdam
82,cp-000079,one-to-one,step1-no-ambiguity,[],B Archeologie,VU - Vrije Universiteit Amsterdam
83,cp-000080,one-to-one,step1-no-ambiguity,[],B Artificial Intelligence,VU - Vrije Universiteit Amsterdam
84,cp-000081,one-to-one,step1-no-ambiguity,[],B Bedrijfskunde,VU - Vrije Universiteit Amsterdam
85,cp-000082,one-to-one,step1-no-ambiguity,[],B Bestuurs- en Organisatiewetenschap,VU - Vrije Universiteit Amsterdam
86,cp-000083,one-to-one,step1-no-ambiguity,[],B Bewegingswetenschappen,VU - Vrije Universiteit Amsterdam
87,cp-000084,one-to-one,step1-no-ambiguity,[],B Biologie,VU - Vrije Universiteit Amsterdam
88,cp-000085,one-to-one,step2-resolved,"[""rc-0011""]",B Biomedical Sciences,VU - Vrije Universiteit Amsterdam
89,cp-000086,merged-source-rows,step2-resolved,"[""rc-0079""]",B Business Analytics,VU - Vrije Universiteit Amsterdam
90,cp-000086,merged-source-rows,step2-resolved,"[""rc-0079""]",B Business Analytics (deeltijd),VU - Vrije Universiteit Amsterdam
91,cp-000087,one-to-one,step1-no-ambiguity,[],B Communicatie & Informatiewetenschappen,VU - Vrije Universiteit Amsterdam
92,cp-000088,merged-source-rows,step2-resolved,"[""rc-0077""]",B Communicatiewetenschap,VU - Vrije Universiteit Amsterdam
93,cp-000088,merged-source-rows,step2-resolved,"[""rc-0077""]",B Communication Science,VU - Vrije Universiteit Amsterdam
94,cp-000089,one-to-one,step1-no-ambiguity,[],B Computer Science,VU - Vrije Universiteit Amsterdam
95,cp-000090,one-to-one,step1-no-ambiguity,[],B Criminologie,VU - Vrije Universiteit Amsterdam
96,cp-000091,merged-source-rows,step2-resolved,"[""rc-0067""]",B Cultural Anthropology and Dev. Soc.,VU - Vrije Universiteit Amsterdam
97,cp-000091,merged-source-rows,step2-resolved,"[""rc-0067""]",B Culturele Antropologie en Ontw. Soc.,VU - Vrije Universiteit Amsterdam
98,cp-000092,one-to-one,step1-no-ambiguity,[],B Econometrics and Data Science,VU - Vrije Universiteit Amsterdam
99,cp-000093,one-to-one,step1-no-ambiguity,[],B Econometrie en Operationele Research,VU - Vrije Universiteit Amsterdam
100,cp-000094,one-to-one,step1-no-ambiguity,[],B Economie en bedrijfseconomie,VU - Vrije Universiteit Amsterdam
101,cp-000095,one-to-one,step1-no-ambiguity,[],B Farmaceutische Wetenschappen,VU - Vrije Universiteit Amsterdam
102,cp-000096,merged-source-rows,step2-resolved,"[""rc-0071""]",B Filosofie,VU - Vrije Universiteit Amsterdam
103,cp-000096,merged-source-rows,step2-resolved,"[""rc-0071""]","B Filosofie (deeltijd, Nederlands)",VU - Vrije Universiteit Amsterdam
104,cp-000097,one-to-one,step1-no-ambiguity,[],B Geneeskunde,VU - Vrije Universiteit Amsterdam
105,cp-000098,one-to-one,step1-no-ambiguity,[],B Geschiedenis,VU - Vrije Universiteit Amsterdam
106,cp-000099,one-to-one,step1-no-ambiguity,[],B Gezondheid en Leven,VU - Vrije Universiteit Amsterdam
107,cp-000100,one-to-one,step1-no-ambiguity,[],B Gezondheidswetenschappen,VU - Vrije Universiteit Amsterdam
108,cp-000101,one-to-one,step1-no-ambiguity,[],B Griekse en Latijnse Taal en Cultuur,VU - Vrije Universiteit Amsterdam
109,cp-000102,one-to-one,step1-no-ambiguity,[],B International Business Administration,VU - Vrije Universiteit Amsterdam
110,cp-000103,one-to-one,step1-no-ambiguity,[],B Law in Society,VU - Vrije Universiteit Amsterdam
111,cp-000104,one-to-one,step1-no-ambiguity,[],B Literatuur en Samenleving,VU - Vrije Universiteit Amsterdam
112,cp-000105,merged-source-rows,step2-resolved,"[""rc-0082""]",B Mathematics,VU - Vrije Universiteit Amsterdam
113,cp-000105,merged-source-rows,step2-resolved,"[""rc-0082""]",B Mathematics (deeltijd),VU - Vrije Universiteit Amsterdam
114,cp-000106,one-to-one,step1-no-ambiguity,[],"B Media, Kunst, Design en Architectuur",VU - Vrije Universiteit Amsterdam
115,cp-000107,one-to-one,step1-no-ambiguity,[],B Medische Natuurwetenschappen,VU - Vrije Universiteit Amsterdam
116,cp-000108,one-to-one,step1-no-ambiguity,[],B Notarieel recht,VU - Vrije Universiteit Amsterdam
117,cp-000109,one-to-one,step1-no-ambiguity,[],B Oudheidwetenschappen,VU - Vrije Universiteit Amsterdam
118,cp-000110,one-to-one,step1-no-ambiguity,[],B Pedagogische wetenschappen,VU - Vrije Universiteit Amsterdam
119,cp-000111,one-to-one,step1-no-ambiguity,[],"B Philosophy, Politics and Economics",VU - Vrije Universiteit Amsterdam
120,cp-000112,one-to-one,step2-resolved-split,"[""rc-0074""]",B Political Science,VU - Vrije Universiteit Amsterdam
121,cp-000113,one-to-one,step2-resolved-split,"[""rc-0074""]",B Politicologie,VU - Vrije Universiteit Amsterdam
122,cp-000114,one-to-one,step1-no-ambiguity,[],B Psychologie,VU - Vrije Universiteit Amsterdam
123,cp-000115,one-to-one,step1-no-ambiguity,[],B Rechtsgeleerdheid,VU - Vrije Universiteit Amsterdam
124,cp-000116,one-to-one,step1-no-ambiguity,[],"B Science, Business & Innovation",VU - Vrije Universiteit Amsterdam
125,cp-000117,one-to-one,step1-no-ambiguity,[],B Sociologie,VU - Vrije Universiteit Amsterdam
126,cp-000118,one-to-one,step1-no-ambiguity,[],B Tandheelkunde,VU - Vrije Universiteit Amsterdam
127,cp-000119,one-to-one,step1-no-ambiguity,[],"B Theology and Religious Studies (deeltijd, Nederlands)",VU - Vrije Universiteit Amsterdam
128,cp-000120,one-to-one,step2-resolved,"[""rc-0012""]",Liberal Arts and Sciences - joint degree UvA-VU,Universiteit van Amsterdam
129,cp-000121,merged-source-rows,step2-resolved,"[""rc-0065""]",BA Cultuurwetenschappen,Universiteit Maastricht
130,cp-000122,merged-source-rows,step2-resolved,"[""rc-0072""]",BA Gezondheidswetenschappen,Universiteit Maastricht
131,cp-000121,merged-source-rows,step2-resolved,"[""rc-0065""]",Bachelor Arts and Culture,Universiteit Maastricht
132,cp-000123,one-to-one,step1-no-ambiguity,[],Bachelor Biomedische Wetenschappen,Universiteit Maastricht
133,cp-000124,one-to-one,step1-no-ambiguity,[],Bachelor Brain Science,Universiteit Maastricht
134,cp-000125,one-to-one,step1-no-ambiguity,[],Bachelor Business Analytics,Universiteit Maastricht
135,cp-000126,one-to-one,step1-no-ambiguity,[],Bachelor Business Engineering,Universiteit Maastricht
136,cp-000121,merged-source-rows,step2-resolved,"[""rc-0065""]",Bachelor Cultuurwetenschappen,Universiteit Maastricht
137,cp-000127,one-to-one,step1-no-ambiguity,[],Bachelor Digital Society,Universiteit Maastricht
138,cp-000128,one-to-one,step1-no-ambiguity,[],Bachelor Econometrics and Operations Research,Universiteit Maastricht
139,cp-000129,one-to-one,step1-no-ambiguity,[],Bachelor Economics and Business Economics,Universiteit Maastricht
140,cp-000130,merged-source-rows,step2-resolved,"[""rc-0066""]",Bachelor European Law School,Universiteit Maastricht
141,cp-000130,merged-source-rows,step2-resolved,"[""rc-0066""]",Bachelor European Law School (Regular Track),Universiteit Maastricht
142,cp-000131,one-to-one,step1-no-ambiguity,[],Bachelor European Public Health,Universiteit Maastricht
143,cp-000132,one-to-one,step1-no-ambiguity,[],Bachelor European Studies,Universiteit Maastricht
144,cp-000133,one-to-one,step1-no-ambiguity,[],Bachelor Fiscaal Recht,Universiteit Maastricht
145,cp-000134,one-to-one,step1-no-ambiguity,[],Bachelor Fiscal Economics,Universiteit Maastricht
146,cp-000135,one-to-one,step1-no-ambiguity,[],Bachelor Geneeskunde,Universiteit Maastricht
147,cp-000122,merged-source-rows,step2-resolved,"[""rc-0072""]",Bachelor Gezondheidswetenschappen,Universiteit Maastricht
148,cp-000136,one-to-one,step1-no-ambiguity,[],Bachelor Global Studies,Universiteit Maastricht
149,cp-000137,one-to-one,step1-no-ambiguity,[],Bachelor International Business,Universiteit Maastricht
150,cp-000138,one-to-one,step2-resolved-split,"[""rc-0068""]",Bachelor Liberal Arts and Sciences / University College Maastricht,Universiteit Maastricht
151,cp-000139,one-to-one,step2-resolved-split,"[""rc-0068""]",Bachelor Liberal Arts and Sciences / University College Venlo,Universiteit Maastricht
152,cp-000140,one-to-one,step1-no-ambiguity,[],Bachelor of Science in Circular Engineering,Universiteit Maastricht
153,cp-000141,one-to-one,step1-no-ambiguity,[],Bachelor of Science in Computer Science,Universiteit Maastricht
154,cp-000142,one-to-one,step1-no-ambiguity,[],Bachelor of Science in Data Science and Artificial Intelligence,Universiteit Maastricht
155,cp-000143,merged-source-rows,step2-resolved,"[""rc-0073""]",Bachelor Psychologie,Universiteit Maastricht
156,cp-000143,merged-source-rows,step2-resolved,"[""rc-0073""]",Bachelor Psychology English track,Universiteit Maastricht
157,cp-000144,one-to-one,step2-resolved,"[""rc-0013""]",Bachelor Rechtsgeleerdheid,Universiteit Maastricht
158,cp-000145,one-to-one,step1-no-ambiguity,[],Bachelor Regenerative Medicine and Technology,Universiteit Maastricht
159,cp-000146,one-to-one,step1-no-ambiguity,[],Bachelor Sustainable Bioscience,Universiteit Maastricht
160,cp-000147,one-to-one,step2-resolved,"[""rc-0014""]",Bachelor Urban Sustainability Studies,Universiteit Maastricht
161,cp-000148,one-to-one,step2-resolved-split,"[""rc-0068""]",Liberal Arts and Sciences / Maastricht Science Programme,Universiteit Maastricht
162,cp-000149,one-to-one,step1-no-ambiguity,[],Bachelor Algemene Cultuurwetenschappen,Open Universiteit
163,cp-000150,one-to-one,step1-no-ambiguity,[],Bachelor Bedrijfskunde,Open Universiteit
164,cp-000151,one-to-one,step2-resolved,"[""rc-0015""]",Bachelor Informatica,Open Universiteit
165,cp-000152,one-to-one,step1-no-ambiguity,[],Bachelor Informatiekunde,Open Universiteit
166,cp-000153,one-to-one,step1-no-ambiguity,[],Bachelor Milieu-natuurwetenschappen,Open Universiteit
167,cp-000154,one-to-one,step1-no-ambiguity,[],Bachelor Psychologie,Open Universiteit
168,cp-000155,one-to-one,step1-no-ambiguity,[],Bachelor Rechtsgeleerdheid,Open Universiteit
169,cp-000156,one-to-one,step2-resolved,"[""rc-0016""]",Theologie,Protestantse Theologische Universiteit
170,cp-000157,one-to-one,step2-resolved,"[""rc-0017"",""rc-0018"",""rc-0019""]",Theologie (joint degree),Protestantse Theologische Universiteit
171,cp-000158,one-to-one,step1-no-ambiguity,[],American Studies,Rijksuniversiteit Groningen
172,cp-000159,one-to-one,step1-no-ambiguity,[],Archeologie,Rijksuniversiteit Groningen
173,cp-000160,one-to-one,step1-no-ambiguity,[],Bedrijfskunde,Rijksuniversiteit Groningen
174,cp-000161,one-to-one,step1-no-ambiguity,[],Bewegingswetenschappen,Rijksuniversiteit Groningen
175,cp-000162,one-to-one,step1-no-ambiguity,[],Biologie,Rijksuniversiteit Groningen
176,cp-000163,one-to-one,step1-no-ambiguity,[],Biomedische Technologie,Rijksuniversiteit Groningen
177,cp-000164,one-to-one,step1-no-ambiguity,[],Cognitiewetenschappen,Rijksuniversiteit Groningen
178,cp-000165,one-to-one,step2-resolved,"[""rc-0020""]",Communicatie- en Informatiewetenschappen,Rijksuniversiteit Groningen
179,cp-000166,one-to-one,step1-no-ambiguity,[],Data Science and Society,Rijksuniversiteit Groningen
180,cp-000167,one-to-one,step1-no-ambiguity,[],Econometrie en Operationele Research,Rijksuniversiteit Groningen
181,cp-000168,one-to-one,step1-no-ambiguity,[],Economie en Bedrijfseconomie,Rijksuniversiteit Groningen
182,cp-000169,one-to-one,step1-no-ambiguity,[],Economische en Sociale Wetenschappen,Rijksuniversiteit Groningen
183,cp-000170,one-to-one,step1-no-ambiguity,[],English Language and Culture,Rijksuniversiteit Groningen
184,cp-000171,one-to-one,step2-resolved,"[""rc-0021""]",Europese Talen en Culturen,Rijksuniversiteit Groningen
185,cp-000172,one-to-one,step1-no-ambiguity,[],Farmacie,Rijksuniversiteit Groningen
186,cp-000173,one-to-one,step1-no-ambiguity,[],Filosofie,Rijksuniversiteit Groningen
187,cp-000174,one-to-one,step1-no-ambiguity,[],Friese Taal en Cultuur,Rijksuniversiteit Groningen
188,cp-000175,one-to-one,step1-no-ambiguity,[],Geneeskunde,Rijksuniversiteit Groningen
189,cp-000176,one-to-one,step2-resolved,"[""rc-0022""]",Geschiedenis,Rijksuniversiteit Groningen
190,cp-000177,one-to-one,step1-no-ambiguity,[],Geschiedwetenschap,Rijksuniversiteit Groningen
191,cp-000178,one-to-one,step1-no-ambiguity,[],Global Responsibility and Leadership,Rijksuniversiteit Groningen
192,cp-000179,one-to-one,step1-no-ambiguity,[],Griekse en Latijnse Taal en Cultuur,Rijksuniversiteit Groningen
193,cp-000180,one-to-one,step1-no-ambiguity,[],Human Geography and Planning,Rijksuniversiteit Groningen
194,cp-000181,one-to-one,step1-no-ambiguity,[],Informatica,Rijksuniversiteit Groningen
195,cp-000182,one-to-one,step2-resolved,"[""rc-0023""]",Informatiekunde,Rijksuniversiteit Groningen
196,cp-000183,one-to-one,step1-no-ambiguity,[],International and European Law,Rijksuniversiteit Groningen
197,cp-000184,one-to-one,step1-no-ambiguity,[],International Business,Rijksuniversiteit Groningen
198,cp-000185,one-to-one,step1-no-ambiguity,[],Internationale Betrekkingen en Internationale Organisatie,Rijksuniversiteit Groningen
199,cp-000186,one-to-one,step1-no-ambiguity,[],Kunst- en Cultuurwetenschappen,Rijksuniversiteit Groningen
200,cp-000187,one-to-one,step2-resolved,"[""rc-0024""]","Kunsten, Cultuur en Media",Rijksuniversiteit Groningen
201,cp-000188,one-to-one,step1-no-ambiguity,[],Kunstgeschiedenis,Rijksuniversiteit Groningen
202,cp-000189,one-to-one,step1-no-ambiguity,[],Kunstmatige Intelligentie,Rijksuniversiteit Groningen
203,cp-000190,one-to-one,step1-no-ambiguity,[],Levenswetenschappen,Rijksuniversiteit Groningen
204,cp-000191,one-to-one,step1-no-ambiguity,[],Liberal Arts and Sciences,Rijksuniversiteit Groningen
205,cp-000192,one-to-one,step1-no-ambiguity,[],Life Science and Technology,Rijksuniversiteit Groningen
206,cp-000193,one-to-one,step1-no-ambiguity,[],Media en Cultuur,Rijksuniversiteit Groningen
207,cp-000194,one-to-one,step1-no-ambiguity,[],Midden-Oostenstudies,Rijksuniversiteit Groningen
208,cp-000195,one-to-one,step2-resolved,"[""rc-0025""]",Minorities & Multilingualism,Rijksuniversiteit Groningen
209,cp-000196,one-to-one,step1-no-ambiguity,[],Natuurkunde,Rijksuniversiteit Groningen
210,cp-000197,one-to-one,step1-no-ambiguity,[],Natuurwetenschappen,Rijksuniversiteit Groningen
211,cp-000198,one-to-one,step2-resolved,"[""rc-0026""]",Nederlandse Taal en Cultuur,Rijksuniversiteit Groningen
212,cp-000199,one-to-one,step1-no-ambiguity,[],Nederlandse Taal en Cultuur,Rijksuniversiteit Groningen
213,cp-000200,one-to-one,step1-no-ambiguity,[],Nederlandse Talen en Culturen,Rijksuniversiteit Groningen
214,cp-000201,one-to-one,step1-no-ambiguity,[],Pedagogische Wetenschappen,Rijksuniversiteit Groningen
215,cp-000202,one-to-one,step1-no-ambiguity,[],Politieke Wetenschappen,Rijksuniversiteit Groningen
216,cp-000203,one-to-one,step2-resolved,"[""rc-0027""]",Psychologie,Rijksuniversiteit Groningen
217,cp-000204,one-to-one,step2-resolved,"[""rc-0028""]",Rechtsgeleerdheid,Rijksuniversiteit Groningen
218,cp-000205,one-to-one,step2-resolved,"[""rc-0029""]",Religiewetenschappen,Rijksuniversiteit Groningen
219,cp-000206,one-to-one,step1-no-ambiguity,[],Scheikunde,Rijksuniversiteit Groningen
220,cp-000207,one-to-one,step1-no-ambiguity,[],Scheikundige Technologie,Rijksuniversiteit Groningen
221,cp-000208,one-to-one,step1-no-ambiguity,[],Sociologie,Rijksuniversiteit Groningen
222,cp-000209,one-to-one,step1-no-ambiguity,[],Spatial Planning and Design,Rijksuniversiteit Groningen
223,cp-000210,one-to-one,step1-no-ambiguity,[],Sterrenkunde,Rijksuniversiteit Groningen
224,cp-000211,one-to-one,step1-no-ambiguity,[],Taalwetenschap,Rijksuniversiteit Groningen
225,cp-000212,one-to-one,step1-no-ambiguity,[],Tandheelkunde,Rijksuniversiteit Groningen
226,cp-000213,one-to-one,step1-no-ambiguity,[],Technische Bedrijfskunde,Rijksuniversiteit Groningen
227,cp-000214,one-to-one,step1-no-ambiguity,[],Technische Natuurkunde,Rijksuniversiteit Groningen
228,cp-000215,one-to-one,step1-no-ambiguity,[],Technische Wiskunde,Rijksuniversiteit Groningen
229,cp-000216,one-to-one,step1-no-ambiguity,[],Theologie,Rijksuniversiteit Groningen
230,cp-000217,one-to-one,step1-no-ambiguity,[],Wiskunde,Rijksuniversiteit Groningen
231,cp-000218,one-to-one,step1-no-ambiguity,[],Algemene Cultuurwetenschappen,Tilburg University
232,cp-000219,one-to-one,step2-resolved,"[""rc-0030""]",B Bedrijfskunde,Tilburg University
233,cp-000220,one-to-one,step1-no-ambiguity,[],B Bestuurskunde,Tilburg University
234,cp-000221,one-to-one,step1-no-ambiguity,[],B Organisatie- en Managementwetenschappen,Tilburg University
235,cp-000222,one-to-one,step1-no-ambiguity,[],B Organisatie- en Managementwetenschappen:GMSI (Engelstalig),Tilburg University
236,cp-000223,one-to-one,step1-no-ambiguity,[],B Personeelwetenschappen,Tilburg University
237,cp-000224,one-to-one,step1-no-ambiguity,[],B Personeelwetenschappen (HRS: People Management),Tilburg University
238,cp-000225,one-to-one,step1-no-ambiguity,[],B Psychologie (Engelstalig),Tilburg University
239,cp-000226,one-to-one,step1-no-ambiguity,[],B Psychologie (Nederlandstalig),Tilburg University
240,cp-000227,one-to-one,step1-no-ambiguity,[],B Public Governance,Tilburg University
241,cp-000228,one-to-one,step1-no-ambiguity,[],B Rechtsgeleerdheid,Tilburg University
242,cp-000229,one-to-one,step1-no-ambiguity,[],B Rechtsgeleerdheid: Specialisatie Ondernemingsrecht,Tilburg University
243,cp-000230,one-to-one,step1-no-ambiguity,[],B Sociologie,Tilburg University
244,cp-000231,one-to-one,step1-no-ambiguity,[],B Sociologie (International Sociology),Tilburg University
245,cp-000232,one-to-one,step1-no-ambiguity,[],Cognitive Science and Artificial Intelligence,Tilburg University
246,cp-000233,one-to-one,step1-no-ambiguity,[],Communicatie- en Informatiewetenschappen,Tilburg University
247,cp-000234,merged-source-rows,step2-resolved,"[""rc-0031"",""rc-0032""]",Data Science,Tilburg University
248,cp-000235,one-to-one,step1-no-ambiguity,[],Econometrie en Operationele Research,Tilburg University
249,cp-000236,one-to-one,step1-no-ambiguity,[],Economics,Tilburg University
250,cp-000237,one-to-one,step1-no-ambiguity,[],Economie en Bedrijfseconomie,Tilburg University
251,cp-000238,one-to-one,step1-no-ambiguity,[],Entrepreneurship and Business Innovation,Tilburg University
252,cp-000239,one-to-one,step1-no-ambiguity,[],Filosofie,Tilburg University
253,cp-000240,one-to-one,step2-resolved,"[""rc-0033""]",Fiscale economie,Tilburg University
254,cp-000241,one-to-one,step1-no-ambiguity,[],Global Law,Tilburg University
255,cp-000242,one-to-one,step1-no-ambiguity,[],International Business Administration,Tilburg University
256,cp-000243,one-to-one,step1-no-ambiguity,[],Liberal Arts and Sciences,Tilburg University
257,cp-000244,one-to-one,step2-resolved,"[""rc-0034""]",Theologie,Tilburg University
258,cp-000245,one-to-one,step1-no-ambiguity,[],Humanistiek,Universiteit voor Humanistiek
259,cp-000246,one-to-one,step1-no-ambiguity,[],Bachelor Bouwkunde,Technische Universiteit Delft
260,cp-000247,one-to-one,step1-no-ambiguity,[],Bachelor Civiele Techniek,Technische Universiteit Delft
261,cp-000248,one-to-one,step1-no-ambiguity,[],Bachelor Electrical Engineering,Technische Universiteit Delft
262,cp-000249,one-to-one,step1-no-ambiguity,[],Bachelor Industrieel Ontwerpen,Technische Universiteit Delft
263,cp-000250,one-to-one,step1-no-ambiguity,[],Bachelor Klinische Technologie,Technische Universiteit Delft
264,cp-000251,one-to-one,step1-no-ambiguity,[],Bachelor Life Science and Technology,Technische Universiteit Delft
265,cp-000252,one-to-one,step1-no-ambiguity,[],Bachelor Luchtvaart- en Ruimtevaarttechniek,Technische Universiteit Delft
266,cp-000253,one-to-one,step1-no-ambiguity,[],Bachelor Maritieme Techniek,Technische Universiteit Delft
267,cp-000254,one-to-one,step1-no-ambiguity,[],Bachelor Nanobiologie,Technische Universiteit Delft
268,cp-000255,one-to-one,step1-no-ambiguity,[],Bachelor Technische Aardwetenschappen,Technische Universiteit Delft
269,cp-000256,one-to-one,step1-no-ambiguity,[],Bachelor Technische Bestuurskunde,Technische Universiteit Delft
270,cp-000257,one-to-one,step1-no-ambiguity,[],Bachelor Technische Informatica,Technische Universiteit Delft
271,cp-000258,one-to-one,step1-no-ambiguity,[],Bachelor Technische Natuurkunde,Technische Universiteit Delft
272,cp-000259,one-to-one,step1-no-ambiguity,[],Bachelor Technische Wiskunde,Technische Universiteit Delft
273,cp-000260,one-to-one,step1-no-ambiguity,[],Bachelor Werktuigbouwkunde,Technische Universiteit Delft
274,cp-000261,one-to-one,step1-no-ambiguity,[],Automotive Technology,Technische Universiteit Eindhoven
275,cp-000262,one-to-one,step1-no-ambiguity,[],Biomedische Technologie,Technische Universiteit Eindhoven
276,cp-000263,one-to-one,step1-no-ambiguity,[],Bouwkunde,Technische Universiteit Eindhoven
277,cp-000264,one-to-one,step1-no-ambiguity,[],Computer Science and Engineering,Technische Universiteit Eindhoven
278,cp-000234,merged-source-rows,step2-resolved,"[""rc-0035""]",Data Science,Technische Universiteit Eindhoven
279,cp-000265,one-to-one,step1-no-ambiguity,[],Electrical Engineering,Technische Universiteit Eindhoven
280,cp-000266,one-to-one,step1-no-ambiguity,[],Industrial Design,Technische Universiteit Eindhoven
281,cp-000267,one-to-one,step2-resolved,"[""rc-0036""]",Mechanical Engineering,Technische Universiteit Eindhoven
282,cp-000268,one-to-one,step1-no-ambiguity,[],Medische Wetenschappen en Technologie,Technische Universiteit Eindhoven
283,cp-000269,one-to-one,step1-no-ambiguity,[],Psychology & Technology,Technische Universiteit Eindhoven
284,cp-000270,one-to-one,step1-no-ambiguity,[],Scheikundige Technologie,Technische Universiteit Eindhoven
285,cp-000271,one-to-one,step1-no-ambiguity,[],Sustainable Innovation,Technische Universiteit Eindhoven
286,cp-000272,one-to-one,step1-no-ambiguity,[],Technische Bedrijfskunde,Technische Universiteit Eindhoven
287,cp-000273,one-to-one,step1-no-ambiguity,[],Technische Natuurkunde,Technische Universiteit Eindhoven
288,cp-000274,one-to-one,step1-no-ambiguity,[],Technische Wiskunde,Technische Universiteit Eindhoven
289,cp-000275,one-to-one,step2-resolved,"[""rc-0037""]",Bachelor Theologie,Theologische Universiteit Apeldoorn
290,cp-000276,one-to-one,step1-no-ambiguity,[],Theologie,Theologische Universiteit Utrecht
291,cp-000277,one-to-one,step1-no-ambiguity,[],African Studies,Universiteit Leiden
292,cp-000278,one-to-one,step1-no-ambiguity,[],Archeologie,Universiteit Leiden
293,cp-000279,one-to-one,step1-no-ambiguity,[],Bestuurskunde,Universiteit Leiden
294,cp-000280,one-to-one,step1-no-ambiguity,[],Bio-Farmaceutische Wetenschappen,Universiteit Leiden
295,cp-000281,one-to-one,step1-no-ambiguity,[],Biologie,Universiteit Leiden
296,cp-000282,one-to-one,step1-no-ambiguity,[],Biomedische Wetenschappen,Universiteit Leiden
297,cp-000283,one-to-one,step1-no-ambiguity,[],Chinastudies,Universiteit Leiden
298,cp-000284,one-to-one,step2-resolved,"[""rc-0038""]",Criminologie,Universiteit Leiden
299,cp-000285,one-to-one,step1-no-ambiguity,[],Cultural Anthropology and Development Sociology,Universiteit Leiden
300,cp-000286,one-to-one,step1-no-ambiguity,[],Cybersecurity & Cybercrime,Universiteit Leiden
301,cp-000287,one-to-one,step1-no-ambiguity,[],Data Science and Artificial Intelligence,Universiteit Leiden
302,cp-000288,one-to-one,step1-no-ambiguity,[],Duitse Taal en Cultuur,Universiteit Leiden
303,cp-000289,one-to-one,step1-no-ambiguity,[],Economie en Samenleving,Universiteit Leiden
304,cp-000290,one-to-one,step1-no-ambiguity,[],English Language and Culture,Universiteit Leiden
305,cp-000291,one-to-one,step1-no-ambiguity,[],Film- en Literatuurwetenschap,Universiteit Leiden
306,cp-000292,one-to-one,step1-no-ambiguity,[],Filosofie,Universiteit Leiden
307,cp-000293,one-to-one,step2-resolved,"[""rc-0039""]",Fiscaal Recht,Universiteit Leiden
308,cp-000294,one-to-one,step1-no-ambiguity,[],Franse Taal en Cultuur,Universiteit Leiden
309,cp-000295,one-to-one,step1-no-ambiguity,[],Geneeskunde,Universiteit Leiden
310,cp-000296,one-to-one,step1-no-ambiguity,[],Geschiedenis,Universiteit Leiden
311,cp-000297,one-to-one,step1-no-ambiguity,[],Griekse en Latijnse Taal en Cultuur,Universiteit Leiden
312,cp-000298,one-to-one,step2-resolved,"[""rc-0040""]",Informatica,Universiteit Leiden
313,cp-000299,one-to-one,step1-no-ambiguity,[],International Studies,Universiteit Leiden
314,cp-000300,one-to-one,step1-no-ambiguity,[],Italiaanse Taal en Cultuur,Universiteit Leiden
315,cp-000301,one-to-one,step1-no-ambiguity,[],Japanstudies,Universiteit Leiden
316,cp-000302,one-to-one,step1-no-ambiguity,[],Koreastudies,Universiteit Leiden
317,cp-000303,one-to-one,step1-no-ambiguity,[],Kunstgeschiedenis,Universiteit Leiden
318,cp-000304,one-to-one,step1-no-ambiguity,[],Latijns-Amerikastudies,Universiteit Leiden
319,cp-000305,one-to-one,step1-no-ambiguity,[],Liberal Arts and Sciences: Global Challenges,Universiteit Leiden
320,cp-000306,one-to-one,step1-no-ambiguity,[],Midden-Oostenstudies,Universiteit Leiden
321,cp-000307,one-to-one,step2-resolved,"[""rc-0041""]",Molecular Science and Technology (joint degree),Universiteit Leiden
322,cp-000308,one-to-one,step1-no-ambiguity,[],Natuurkunde,Universiteit Leiden
323,cp-000309,one-to-one,step1-no-ambiguity,[],Nederlandkunde,Universiteit Leiden
324,cp-000310,one-to-one,step1-no-ambiguity,[],Nederlandse Taal en Cultuur,Universiteit Leiden
325,cp-000311,one-to-one,step2-resolved,"[""rc-0042""]",Notarieel Recht,Universiteit Leiden
326,cp-000312,one-to-one,step1-no-ambiguity,[],Oude Nabije Oosten-studies,Universiteit Leiden
327,cp-000313,one-to-one,step1-no-ambiguity,[],Pedagogische Wetenschappen,Universiteit Leiden
328,cp-000314,split-source-row,step2-resolved-split,"[""rc-0043""]",Politicologie,Universiteit Leiden
328,cp-000315,split-source-row,step2-resolved-split,"[""rc-0043""]",Politicologie,Universiteit Leiden
329,cp-000316,one-to-one,step1-no-ambiguity,[],Psychologie,Universiteit Leiden
330,cp-000317,one-to-one,step2-resolved,"[""rc-0044""]",Rechtsgeleerdheid,Universiteit Leiden
331,cp-000318,one-to-one,step1-no-ambiguity,[],Religiewetenschappen,Universiteit Leiden
332,cp-000319,one-to-one,step1-no-ambiguity,[],Russische Studies,Universiteit Leiden
333,cp-000320,one-to-one,step1-no-ambiguity,[],Science for Sustainable Societies,Universiteit Leiden
334,cp-000321,one-to-one,step1-no-ambiguity,[],Security Studies,Universiteit Leiden
335,cp-000322,one-to-one,step1-no-ambiguity,[],South and Southeast Asian Studies,Universiteit Leiden
336,cp-000323,one-to-one,step1-no-ambiguity,[],Sterrenkunde,Universiteit Leiden
337,cp-000324,one-to-one,step1-no-ambiguity,[],Taalwetenschap,Universiteit Leiden
338,cp-000325,one-to-one,step1-no-ambiguity,[],Urban Studies,Universiteit Leiden
339,cp-000326,one-to-one,step1-no-ambiguity,[],Wiskunde,Universiteit Leiden
340,cp-000327,one-to-one,step2-resolved,"[""rc-0045""]",Bachelor Civil Engineering,Universiteit Twente
341,cp-000328,one-to-one,step1-no-ambiguity,[],Bachelor Creative Technology,Universiteit Twente
342,cp-000329,one-to-one,step1-no-ambiguity,[],Bachelor Creative Technology - Amsterdam (VU-UT),Universiteit Twente
343,cp-000330,one-to-one,step1-no-ambiguity,[],Bachelor Mechanical Engineering,Universiteit Twente
344,cp-000331,one-to-one,step1-no-ambiguity,[],Bachelor Mechanical Engineering - Amsterdam (VU-UT),Universiteit Twente
345,cp-000332,one-to-one,step1-no-ambiguity,[],Aardwetenschappen,Universiteit Utrecht
346,cp-000333,one-to-one,step1-no-ambiguity,[],Academische lerarenopleiding primair onderwijs,Universiteit Utrecht
347,cp-000334,one-to-one,step1-no-ambiguity,[],Bestuurs- en organisatiewetenschap,Universiteit Utrecht
348,cp-000335,one-to-one,step1-no-ambiguity,[],Biologie,Universiteit Utrecht
349,cp-000336,one-to-one,step1-no-ambiguity,[],Biomedische wetenschappen,Universiteit Utrecht
350,cp-000337,one-to-one,step1-no-ambiguity,[],Communicatie- en informatiewetenschappen,Universiteit Utrecht
351,cp-000338,one-to-one,step1-no-ambiguity,[],Culturele antropologie en ontwikkelingssociologie,Universiteit Utrecht
352,cp-000339,one-to-one,step1-no-ambiguity,[],Diergeneeskunde,Universiteit Utrecht
353,cp-000340,one-to-one,step1-no-ambiguity,[],Economics and Business Economics,Universiteit Utrecht
354,cp-000341,one-to-one,step1-no-ambiguity,[],English Language and Culture,Universiteit Utrecht
355,cp-000342,one-to-one,step1-no-ambiguity,[],Farmacie,Universiteit Utrecht
356,cp-000343,one-to-one,step1-no-ambiguity,[],Filosofie,Universiteit Utrecht
357,cp-000344,one-to-one,step1-no-ambiguity,[],Geneeskunde,Universiteit Utrecht
358,cp-000345,one-to-one,step1-no-ambiguity,[],Geschiedenis,Universiteit Utrecht
359,cp-000346,one-to-one,step1-no-ambiguity,[],Global Sustainability Science,Universiteit Utrecht
360,cp-000347,one-to-one,step1-no-ambiguity,[],History,Universiteit Utrecht
361,cp-000348,one-to-one,step1-no-ambiguity,[],Informatica,Universiteit Utrecht
362,cp-000349,one-to-one,step1-no-ambiguity,[],Informatiekunde,Universiteit Utrecht
363,cp-000350,one-to-one,step1-no-ambiguity,[],Interdisciplinaire sociale wetenschap,Universiteit Utrecht
364,cp-000351,one-to-one,step1-no-ambiguity,[],Kunstgeschiedenis,Universiteit Utrecht
365,cp-000352,one-to-one,step1-no-ambiguity,[],Kunstmatige Intelligentie,Universiteit Utrecht
366,cp-000353,one-to-one,step1-no-ambiguity,[],Liberal Arts and Sciences,Universiteit Utrecht
367,cp-000354,one-to-one,step1-no-ambiguity,[],Literatuurwetenschap,Universiteit Utrecht
368,cp-000355,one-to-one,step1-no-ambiguity,[],Media en cultuur,Universiteit Utrecht
369,cp-000356,one-to-one,step1-no-ambiguity,[],Molecular and Biophysical Life Sciences,Universiteit Utrecht
370,cp-000357,one-to-one,step1-no-ambiguity,[],Muziekwetenschap,Universiteit Utrecht
371,cp-000358,one-to-one,step1-no-ambiguity,[],Natuur- en Sterrenkunde,Universiteit Utrecht
372,cp-000359,one-to-one,step1-no-ambiguity,[],Natuurwetenschap en Innovatiemanagement,Universiteit Utrecht
373,cp-000360,one-to-one,step1-no-ambiguity,[],Nederlandse taal en cultuur,Universiteit Utrecht
374,cp-000361,one-to-one,step1-no-ambiguity,[],Onderwijswetenschappen,Universiteit Utrecht
375,cp-000362,one-to-one,step1-no-ambiguity,[],Pedagogische Wetenschappen,Universiteit Utrecht
376,cp-000363,one-to-one,step1-no-ambiguity,[],"Philosophy, Politics and Economics",Universiteit Utrecht
377,cp-000364,one-to-one,step1-no-ambiguity,[],"Politiek, cultuur en religie | Religiewetenschappen",Universiteit Utrecht
378,cp-000365,one-to-one,step1-no-ambiguity,[],Psychologie,Universiteit Utrecht
379,cp-000366,one-to-one,step1-no-ambiguity,[],Rechtsgeleerdheid,Universiteit Utrecht
380,cp-000367,one-to-one,step1-no-ambiguity,[],Scheikunde,Universiteit Utrecht
381,cp-000368,one-to-one,step1-no-ambiguity,[],Sociale geografie en planologie,Universiteit Utrecht
382,cp-000369,one-to-one,step1-no-ambiguity,[],Sociologie,Universiteit Utrecht
383,cp-000370,one-to-one,step1-no-ambiguity,[],Spaanse taal en cultuur,Universiteit Utrecht
384,cp-000371,one-to-one,step1-no-ambiguity,[],Taal- en cultuurstudies,Universiteit Utrecht
385,cp-000372,one-to-one,step1-no-ambiguity,[],Taalwetenschap,Universiteit Utrecht
386,cp-000373,one-to-one,step1-no-ambiguity,[],UCR Liberal Arts and Sciences,Universiteit Utrecht
387,cp-000374,one-to-one,step1-no-ambiguity,[],UCU Liberal Arts and Sciences,Universiteit Utrecht
388,cp-000375,one-to-one,step1-no-ambiguity,[],Wiskunde,Universiteit Utrecht
389,cp-000376,one-to-one,step1-no-ambiguity,[],"Zorg, Gezondheid & Samenleving",Universiteit Utrecht
390,cp-000377,one-to-one,step2-resolved,"[""rc-0046""]",Actuariële Wetenschappen,Universiteit van Amsterdam
391,cp-000378,one-to-one,step1-no-ambiguity,[],Arabische Taal en Cultuur,Universiteit van Amsterdam
392,cp-000379,one-to-one,step2-resolved,"[""rc-0047""]",Archeologie,Universiteit van Amsterdam
393,cp-000380,one-to-one,step1-no-ambiguity,[],Biologie,Universiteit van Amsterdam
394,cp-000381,one-to-one,step1-no-ambiguity,[],Biomedische Wetenschappen,Universiteit van Amsterdam
395,cp-000382,one-to-one,step2-resolved,"[""rc-0048""]",Business Administration,Universiteit van Amsterdam
396,cp-000383,one-to-one,step1-no-ambiguity,[],Business Analytics,Universiteit van Amsterdam
397,cp-000384,one-to-one,step1-no-ambiguity,[],Bèta-gamma,Universiteit van Amsterdam
398,cp-000385,one-to-one,step1-no-ambiguity,[],"Cognition, Language and Communication",Universiteit van Amsterdam
399,cp-000386,one-to-one,step2-resolved-split,"[""rc-0076""]",Communicatiewetenschap,Universiteit van Amsterdam
400,cp-000387,one-to-one,step1-no-ambiguity,[],Computational Social Science,Universiteit van Amsterdam
401,cp-000388,one-to-one,step2-resolved,"[""rc-0049""]",Culturele Antropologie en Ontwikkelingssociologie,Universiteit van Amsterdam
402,cp-000389,one-to-one,step2-resolved,"[""rc-0050""]",Cultuurwetenschappen,Universiteit van Amsterdam
403,cp-000390,one-to-one,step1-no-ambiguity,[],Duitse Taal en Cultuur,Universiteit van Amsterdam
404,cp-000391,one-to-one,step2-resolved,"[""rc-0051""]",Econometrics and Data Science,Universiteit van Amsterdam
405,cp-000392,one-to-one,step2-resolved,"[""rc-0052""]",Economics and Business Economics,Universiteit van Amsterdam
406,cp-000393,one-to-one,step1-no-ambiguity,[],English Language and Culture,Universiteit van Amsterdam
407,cp-000394,one-to-one,step2-resolved,"[""rc-0053""]",Europese Studies,Universiteit van Amsterdam
408,cp-000395,one-to-one,step1-no-ambiguity,[],Filosofie,Universiteit van Amsterdam
409,cp-000396,one-to-one,step1-no-ambiguity,[],Fiscaal Recht,Universiteit van Amsterdam
410,cp-000397,one-to-one,step1-no-ambiguity,[],Fiscale Economie,Universiteit van Amsterdam
411,cp-000398,one-to-one,step1-no-ambiguity,[],Franse Taal en Cultuur,Universiteit van Amsterdam
412,cp-000399,one-to-one,step1-no-ambiguity,[],Future Planet Studies,Universiteit van Amsterdam
413,cp-000400,one-to-one,step1-no-ambiguity,[],Geneeskunde,Universiteit van Amsterdam
414,cp-000401,one-to-one,step1-no-ambiguity,[],Geschiedenis,Universiteit van Amsterdam
415,cp-000402,one-to-one,step2-resolved-split,"[""rc-0076""]",Global Communication Science,Universiteit van Amsterdam
416,cp-000403,one-to-one,step1-no-ambiguity,[],Griekse en Latijnse Taal en Cultuur,Universiteit van Amsterdam
417,cp-000404,one-to-one,step1-no-ambiguity,[],Hebreeuwse Taal en Cultuur,Universiteit van Amsterdam
418,cp-000405,merged-source-rows,step2-resolved,"[""rc-0080""]",Informatica,Universiteit van Amsterdam
419,cp-000405,merged-source-rows,step2-resolved,"[""rc-0080""]",Informatica - vrije opleiding,Universiteit van Amsterdam
420,cp-000406,merged-source-rows,step2-resolved,"[""rc-0078""]",Informatiekunde,Universiteit van Amsterdam
421,cp-000406,merged-source-rows,step2-resolved,"[""rc-0078""]",Informatiekunde - vrije opleiding,Universiteit van Amsterdam
422,cp-000407,one-to-one,step1-no-ambiguity,[],Interdisciplinaire Sociale Wetenschap,Universiteit van Amsterdam
423,cp-000408,one-to-one,step1-no-ambiguity,[],Italiaanse Taal en Cultuur,Universiteit van Amsterdam
424,cp-000409,one-to-one,step1-no-ambiguity,[],Kunstgeschiedenis,Universiteit van Amsterdam
425,cp-000410,one-to-one,step1-no-ambiguity,[],Kunstmatige Intelligentie,Universiteit van Amsterdam
426,cp-000411,one-to-one,step1-no-ambiguity,[],Linguistics,Universiteit van Amsterdam
427,cp-000412,one-to-one,step1-no-ambiguity,[],Literary Studies,Universiteit van Amsterdam
428,cp-000413,one-to-one,step1-no-ambiguity,[],Media and Information,Universiteit van Amsterdam
429,cp-000414,one-to-one,step2-resolved,"[""rc-0054""]",Media en Cultuur,Universiteit van Amsterdam
430,cp-000415,one-to-one,step1-no-ambiguity,[],Medische Informatiekunde,Universiteit van Amsterdam
431,cp-000416,one-to-one,step1-no-ambiguity,[],Muziekwetenschap,Universiteit van Amsterdam
432,cp-000417,merged-source-rows,step2-resolved,"[""rc-0055"",""rc-0070""]",Natuur- en Sterrenkunde - joint degree UvA-VU,Universiteit van Amsterdam
433,cp-000417,merged-source-rows,step2-resolved,"[""rc-0056"",""rc-0070""]","Natuur- en Sterrenkunde - joint degree UvA-VU, vrije opleiding",Universiteit van Amsterdam
434,cp-000418,one-to-one,step1-no-ambiguity,[],Nederlandse Taal en Cultuur,Universiteit van Amsterdam
435,cp-000419,one-to-one,step1-no-ambiguity,[],Nieuwgriekse Taal en Cultuur,Universiteit van Amsterdam
436,cp-000420,one-to-one,step1-no-ambiguity,[],Onderwijswetenschappen,Universiteit van Amsterdam
437,cp-000421,one-to-one,step2-resolved,"[""rc-0057""]",Oudheidwetenschappen,Universiteit van Amsterdam
438,cp-000422,merged-source-rows,step2-resolved,"[""rc-0075""]",Pedagogische Wetenschappen,Universiteit van Amsterdam
439,cp-000422,merged-source-rows,step2-resolved,"[""rc-0075""]",Pedagogische Wetenschappen - vrije opleiding,Universiteit van Amsterdam
440,cp-000423,one-to-one,step2-resolved,"[""rc-0058""]",Politicologie,Universiteit van Amsterdam
441,cp-000424,one-to-one,step1-no-ambiguity,[],"Politics, Psychology, Law and Economics",Universiteit van Amsterdam
442,cp-000425,one-to-one,step1-no-ambiguity,[],Psychobiologie,Universiteit van Amsterdam
443,cp-000426,one-to-one,step2-resolved,"[""rc-0059""]",Psychologie,Universiteit van Amsterdam
444,cp-000427,one-to-one,step1-no-ambiguity,[],Rechtsgeleerdheid,Universiteit van Amsterdam
445,cp-000428,one-to-one,step1-no-ambiguity,[],Religiewetenschappen,Universiteit van Amsterdam
446,cp-000429,one-to-one,step1-no-ambiguity,[],Scandinavische Talen en Culturen,Universiteit van Amsterdam
447,cp-000430,merged-source-rows,step2-resolved,"[""rc-0060"",""rc-0069""]",Scheikunde - joint degree UvA-VU,Universiteit van Amsterdam
448,cp-000430,merged-source-rows,step2-resolved,"[""rc-0061"",""rc-0069""]","Scheikunde - joint degree UvA-VU, vrije opleiding",Universiteit van Amsterdam
449,cp-000431,one-to-one,step1-no-ambiguity,[],"Science, Technology & Innovation",Universiteit van Amsterdam
450,cp-000432,one-to-one,step1-no-ambiguity,[],Slavische Talen en Culturen,Universiteit van Amsterdam
451,cp-000433,one-to-one,step2-resolved,"[""rc-0062""]",Sociale Geografie en Planologie,Universiteit van Amsterdam
452,cp-000434,one-to-one,step2-resolved,"[""rc-0063""]",Sociologie,Universiteit van Amsterdam
453,cp-000435,one-to-one,step1-no-ambiguity,[],Spaanse Taal en Cultuur,Universiteit van Amsterdam
454,cp-000436,one-to-one,step1-no-ambiguity,[],Tandheelkunde,Universiteit van Amsterdam
455,cp-000437,one-to-one,step1-no-ambiguity,[],Theaterwetenschap,Universiteit van Amsterdam
456,cp-000438,merged-source-rows,step2-resolved,"[""rc-0081""]",Wiskunde,Universiteit van Amsterdam
457,cp-000438,merged-source-rows,step2-resolved,"[""rc-0081""]",Wiskunde - vrije opleiding,Universiteit van Amsterdam
458,cp-000439,one-to-one,step1-no-ambiguity,[],Bachelor Agrotechnologie,Wageningen University
459,cp-000440,one-to-one,step1-no-ambiguity,[],Bachelor Bedrijfs- en Consumentenwetenschappen,Wageningen University
460,cp-000441,one-to-one,step1-no-ambiguity,[],Bachelor Biologie,Wageningen University
461,cp-000442,one-to-one,step1-no-ambiguity,[],Bachelor Biotechnologie,Wageningen University
462,cp-000443,one-to-one,step1-no-ambiguity,[],Bachelor Bos- en Natuurbeheer,Wageningen University
463,cp-000444,one-to-one,step1-no-ambiguity,[],Bachelor Bos- en Natuurbeheer DD-SLU,Wageningen University
464,cp-000445,one-to-one,step1-no-ambiguity,[],Bachelor Communicatie en Life Sciences,Wageningen University
465,cp-000446,one-to-one,step1-no-ambiguity,[],Bachelor Economie en Beleid,Wageningen University
466,cp-000447,one-to-one,step1-no-ambiguity,[],Bachelor Gezondheid en Maatschappij,Wageningen University
467,cp-000448,one-to-one,step1-no-ambiguity,[],Bachelor International Land and Water Management,Wageningen University
468,cp-000449,one-to-one,step1-no-ambiguity,[],Bachelor Internationale Ontwikkelingsstudies,Wageningen University
469,cp-000450,one-to-one,step1-no-ambiguity,[],Bachelor Landschapsarchitectuur& Ruimtelijke Planning,Wageningen University
470,cp-000451,one-to-one,step1-no-ambiguity,[],Bachelor Marine Sciences,Wageningen University
471,cp-000452,one-to-one,step1-no-ambiguity,[],Bachelor Moleculaire Levenswetenschappen,Wageningen University
472,cp-000453,one-to-one,step1-no-ambiguity,[],Bachelor Plantenwetenschappen,Wageningen University
473,cp-000454,one-to-one,step1-no-ambiguity,[],Bachelor Voeding en Gezondheid,Wageningen University
474,cp-000455,one-to-one,step1-no-ambiguity,[],Bachelor's Animal Sciences,Wageningen University
475,cp-000456,one-to-one,step1-no-ambiguity,[],Bachelor's Data Science for Global Challenges,Wageningen University
476,cp-000457,one-to-one,step1-no-ambiguity,[],Bachelor's Earth System Sciences,Wageningen University
477,cp-000458,one-to-one,step1-no-ambiguity,[],Bachelor's Environmental Sciences,Wageningen University
478,cp-000459,one-to-one,step1-no-ambiguity,[],Bachelor's Food Technology,Wageningen University
479,cp-000460,one-to-one,step2-resolved,"[""rc-0064""]",Bachelor's Tourism (joint degree),Wageningen University
