AANGEBODEN_OPLEIDINGCODE,source_excel_row,counselor_programme_id,mapping_status,source_programme_unit_code,source_provider_name,source_own_name,source_language,source_mode,source_location
0cda5cdf-a7d9-248e-e063-6ff1ff0a9669,2,,excluded-no-current-target,1015O5181,Erasmus Universiteit Rotterdam,Academische Pabo,NLD,VOLTIJD,
0cda5cdf-a7e9-248e-e063-6ff1ff0a9669,3,cp-000001,mapped,1015O5182,Erasmus Universiteit Rotterdam,Bachelor Bestuurskunde,NLD,VOLTIJD,
0cda5cdf-a813-248e-e063-6ff1ff0a9669,4,cp-000002,mapped,1015O5183,Erasmus Universiteit Rotterdam,Bachelor in Management of International Social Challenges,ENG,VOLTIJD,
0cda5cdf-a821-248e-e063-6ff1ff0a9669,5,cp-000003,mapped,1015O5180,Erasmus Universiteit Rotterdam,Bachelor Pedagogische Wetenschappen,NLD,VOLTIJD,
0c4d7e3e-b03a-4de4-e063-6ff1ff0ac940,6,cp-000004,mapped,1015O5919,Erasmus Universiteit Rotterdam,Bachelor Psychologie,NLD,VOLTIJD,
0cda5cdf-a829-248e-e063-6ff1ff0a9669,7,cp-000005,mapped,1015O5177,Erasmus Universiteit Rotterdam,Bachelor Sociologie,NLD,VOLTIJD,
0cda5cdf-a82f-248e-e063-6ff1ff0a9669,7,cp-000005,mapped,1015O5177,Erasmus Universiteit Rotterdam,Bachelor Sociologie,NLD,DEELTIJD,
0bac182b-828d-5088-e063-6ff1ff0a75e4,8,cp-000006,mapped,1015O5159,Erasmus Universiteit Rotterdam,Bedrijfskunde,NLD,VOLTIJD,
0bad61cb-025a-5d99-e063-6ff1ff0aab5f,9,cp-000007,mapped,1015O5189,Erasmus Universiteit Rotterdam,BSc2 Econometrics,NLD,VOLTIJD,
0bac182b-82b1-5088-e063-6ff1ff0a75e4,10,cp-000007,mapped,1015O5163,Erasmus Universiteit Rotterdam,BSc2 Economics,ENG,VOLTIJD,
0c4d7e3e-b032-4de4-e063-6ff1ff0ac940,11,cp-000008,mapped,1001O5900,Erasmus Universiteit Rotterdam,Criminologie,NLD,VOLTIJD,
0bad61cb-024a-5d99-e063-6ff1ff0aab5f,12,cp-000009,mapped,1015O5187,Erasmus Universiteit Rotterdam,Econometrie en Operationele Research,NLD,VOLTIJD,
0bac182b-82a3-5088-e063-6ff1ff0a75e4,13,cp-000010,mapped,1015O5161,Erasmus Universiteit Rotterdam,Economie en Bedrijfseconomie,NLD,VOLTIJD,
0cda5cdf-a837-248e-e063-6ff1ff0a9669,14,cp-000011,mapped,1015O5167,Erasmus Universiteit Rotterdam,Filosofie,NLD,VOLTIJD,
0cda5cdf-a83d-248e-e063-6ff1ff0a9669,14,cp-000011,mapped,1015O5167,Erasmus Universiteit Rotterdam,Filosofie,NLD,DEELTIJD,
585a2167-fabe-49d0-a8ca-5604f70d5fe1,15,cp-000012,mapped,1016O6103,Erasmus Universiteit Rotterdam,Filosofie (met Willem de Kooning Academy),NLD,VOLTIJD,
0cda5cdf-a844-248e-e063-6ff1ff0a9669,16,cp-000013,mapped,1001O6216,Erasmus Universiteit Rotterdam,Filosofie van een Bepaald Wetenschapsgebied,NLD,VOLTIJD,
0bad61cb-023d-5d99-e063-6ff1ff0aab5f,17,cp-000014,mapped,1001O6063,Erasmus Universiteit Rotterdam,Fiscaal Recht,NLD,VOLTIJD,
0cda5cdf-a7f7-248e-e063-6ff1ff0a9669,17,cp-000014,mapped,1001O6063,Erasmus Universiteit Rotterdam,Fiscaal Recht,NLD,DEELTIJD,
0bad51c1-b436-4e64-e063-6ff1ff0aea47,18,cp-000015,mapped,1015O5170,Erasmus Universiteit Rotterdam,Fiscale Economie,NLD,VOLTIJD,
0c3c9cab-3b7a-5b69-e063-6ff1ff0ab90b,19,cp-000016,mapped,1015O5175,Erasmus Universiteit Rotterdam,Geneeskunde,NLD,VOLTIJD,
0cda5cdf-a7fe-248e-e063-6ff1ff0a9669,20,cp-000017,mapped,1015O5165,Erasmus Universiteit Rotterdam,Geschiedenis,NLD,VOLTIJD,
0bad61cb-01dc-5d99-e063-6ff1ff0aab5f,21,cp-000018,mapped,1015O5176,Erasmus Universiteit Rotterdam,Gezondheidswetenschappen,NLD,VOLTIJD,
0cda5cdf-a805-248e-e063-6ff1ff0a9669,22,cp-000019,mapped,1015O5184,Erasmus Universiteit Rotterdam,International Bachelor Arts and Culture Studies,ENG,VOLTIJD,
0cda5cdf-a80c-248e-e063-6ff1ff0a9669,23,cp-000020,mapped,1015O5157,Erasmus Universiteit Rotterdam,International Bachelor Communication and Media,ENG,VOLTIJD,
0bad61cb-0252-5d99-e063-6ff1ff0aab5f,24,cp-000021,mapped,1015O5188,Erasmus Universiteit Rotterdam,International Bachelor Econometrics and Operations Research,ENG,VOLTIJD,
0bac182b-82aa-5088-e063-6ff1ff0a75e4,25,cp-000022,mapped,1015O5162,Erasmus Universiteit Rotterdam,International Bachelor Economics and Business Economics,ENG,VOLTIJD,
0bac182b-82cc-5088-e063-6ff1ff0a75e4,26,cp-000023,mapped,1015O5166,Erasmus Universiteit Rotterdam,International Bachelor History,ENG,VOLTIJD,
0c4d7e3e-b044-4de4-e063-6ff1ff0ac940,27,cp-000024,mapped,1015O5920,Erasmus Universiteit Rotterdam,International Bachelor of Psychology,ENG,VOLTIJD,
0bac182b-82ba-5088-e063-6ff1ff0a75e4,28,cp-000025,mapped,1015O5164,Erasmus Universiteit Rotterdam,International Business Administration,ENG,VOLTIJD,
0cda5cdf-a7f0-248e-e063-6ff1ff0a9669,29,cp-000026,mapped,1001O5682,Erasmus Universiteit Rotterdam,Liberal Arts and Sciences,ENG,VOLTIJD,
fe068847-5f37-4cd2-b244-bdb98f3e0f96,29,cp-000026,mapped,1001O5682,Erasmus Universiteit Rotterdam,Liberal Arts and Sciences,ENG,VOLTIJD,
0bac182b-8294-5088-e063-6ff1ff0a75e4,30,cp-000027,mapped,1015O5160,Erasmus Universiteit Rotterdam,Rechtsgeleerdheid,NLD,VOLTIJD,
0cda5cdf-a81a-248e-e063-6ff1ff0a9669,30,cp-000027,mapped,1015O5160,Erasmus Universiteit Rotterdam,Rechtsgeleerdheid,NLD,DEELTIJD,
380880e7-2f3d-42f1-8351-0978f76eed5a,31,cp-000028,mapped,1015O6472,Radboud Universiteit Nijmegen (RU) Faculteit der Sociale Wetenschappen,Academische Leraren Opleiding Pedagogische Wetenschappen,NLD,VOLTIJD,Nijmegen
d5dd44ab-146c-4a79-8192-643b92988e3d,32,cp-000029,mapped,1015O6440,Radboud Universiteit Nijmegen (RU) Faculteit der Letteren,Algemene Cultuurwetenschappen,NLD,VOLTIJD,Nijmegen
ec93aa78-9a51-4984-bfd3-a8f72a613d04,33,cp-000030,mapped,1015O6457,Radboud Universiteit Nijmegen (RU) Faculteit der Letteren,American Studies,ENG,VOLTIJD,Nijmegen
70132c6d-8164-4ebf-8988-776eb1f3e9ec,34,cp-000031,mapped,1001O6129,Radboud Universiteit Nijmegen (RU) Faculteit der Sociale Wetenschappen,Artificial Intelligence,ENG,VOLTIJD,Nijmegen
84152ad3-625c-40ea-9872-d11c60843bd1,35,cp-000032,mapped,1015O6441,Radboud Universiteit Nijmegen (RU) Faculteit der Letteren,Arts and Culture Studies,ENG,VOLTIJD,Nijmegen
302d58f5-e0f4-4ccb-b3b9-40b01b1991b2,36,cp-000033,mapped,1016O1025,Radboud Universiteit Nijmegen (RU) Faculteit der Managementwetenschappen,Bedrijfskunde,NLD,VOLTIJD,Nijmegen
8cb1dc73-ece7-4219-b0b6-01d57d6c64ec,37,cp-000034,mapped,1001O5969,Radboud Universiteit Nijmegen (RU) Faculteit der Managementwetenschappen,Bestuurskunde,NLD,VOLTIJD,Nijmegen
05ea9031-b36c-4e5c-95f9-99fbb803f137,38,cp-000035,mapped,1001O6234,Radboud Universiteit Nijmegen (RU) Faculteit der NWI,Biologie,ENG,VOLTIJD,Nijmegen
4002ec00-fd34-4ac6-9406-995382c34bb7,39,cp-000036,mapped,1001O6208,Radboud Universiteit Nijmegen (RU) Faculteit der Medische Wetenschappen,Biomedische Wetenschappen,NLD,VOLTIJD,Nijmegen
52a19d2d-cc99-4cdd-910e-2af8d17c89ab,40,cp-000037,mapped,1015O6449,Radboud Universiteit Nijmegen (RU) Faculteit der Letteren,Communicatie- en Informatiewetenschappen,NLD,VOLTIJD,Nijmegen
1c8b8b4c-cf63-4407-ae06-831a72b033fa,41,cp-000038,mapped,1001O5961,Radboud Universiteit Nijmegen (RU) Faculteit der Sociale Wetenschappen,Communicatiewetenschap,NLD,VOLTIJD,Nijmegen
6d3cbfeb-8779-4bc5-b479-e36783d2fca8,42,cp-000039,mapped,1001O5655,Radboud Universiteit Nijmegen (RU) Faculteit der Sociale Wetenschappen,Culturele Antropologie en Ontwikkelingssociologie,NLD,VOLTIJD,Nijmegen
9a503cb2-0de0-46e8-a71e-da44dccea1c6,43,cp-000040,mapped,1001O6009,Radboud Universiteit Nijmegen (RU) Faculteit der Letteren,Duitse Taal en Cultuur,NLD,VOLTIJD,Nijmegen
ddca2e9f-7897-4322-aa62-964f4f9f85b6,44,cp-000041,mapped,1016O1029,Radboud Universiteit Nijmegen (RU) Faculteit der Managementwetenschappen,Economics and Business Economics,ENG,VOLTIJD,Nijmegen
e53a5e67-3fbc-4640-8668-f0a9e1e60700,45,cp-000042,mapped,1016O1030,Radboud Universiteit Nijmegen (RU) Faculteit der Managementwetenschappen,Economie en Bedrijfseconomie,NLD,VOLTIJD,Nijmegen
e16c4706-23f7-496b-83b4-28b79d523657,46,cp-000043,mapped,1015O6456,Radboud Universiteit Nijmegen (RU) Faculteit der Letteren,English Language and Culture,ENG,VOLTIJD,Nijmegen
ff66a977-b280-4159-b41b-ea3222e2aee1,47,cp-000044,mapped,1001O5640,Radboud Universiteit Nijmegen (RU) Faculteit der Rechtsgeleerdheid,European Law School,NLD,VOLTIJD,Nijmegen
2f54ec7b-04ae-437d-bfbf-22adba92452c,48,cp-000045,mapped,1015O6459,Radboud Universiteit Nijmegen (RU) Faculteit der FTR,Filosofie,NLD,VOLTIJD,Nijmegen
5d33adae-f0c2-4a35-b594-2a39b2488e1a,49,cp-000046,mapped,1015O6482,Radboud Universiteit Nijmegen (RU) Faculteit der Letteren,Franse Taal en Cultuur,NLD,VOLTIJD,Nijmegen
9afc9f9f-e6b0-4d1c-acfa-96bb1b9aadc9,50,cp-000047,mapped,1001O5910,Radboud Universiteit Nijmegen (RU) Faculteit der Medische Wetenschappen,Geneeskunde,NLD,VOLTIJD,Nijmegen
46378952-8ba8-48a3-8d95-ba2dc150741c,51,cp-000048,mapped,1001O6131,Radboud Universiteit Nijmegen (RU) Faculteit der Managementwetenschappen,"Geografie, Planologie en Milieu",NLD,VOLTIJD,Nijmegen
e37d3b88-66c0-4517-b234-194a45a0a058,52,cp-000049,mapped,1015O6464,Radboud Universiteit Nijmegen (RU) Faculteit der Letteren,Geschiedenis,NLD,VOLTIJD,Nijmegen
77af18be-c752-473a-b2f1-fd142e1d4c00,53,cp-000050,mapped,1001O5809,Radboud Universiteit Nijmegen (RU) Faculteit der Letteren,Griekse en Latijnse Taal en Cultuur,NLD,VOLTIJD,Nijmegen
05ad0343-1cdb-4cfc-a11f-336f8c969fc3,54,cp-000051,mapped,1001O8935,Radboud Universiteit Nijmegen (RU) Faculteit der Sociale Wetenschappen,Humane Neurowetenschappen,NLD,VOLTIJD,Nijmegen
27fb5a14-b164-4f20-b5fe-f019854836c2,55,cp-000052,mapped,1001O6235,Radboud Universiteit Nijmegen (RU) Faculteit der NWI,Informatica,ENG,VOLTIJD,Nijmegen
82fd2c05-20ed-4194-a979-f450ef1df956,56,cp-000053,mapped,1016O1159,Radboud Universiteit Nijmegen (RU) Faculteit der Managementwetenschappen,International Business Administration,ENG,VOLTIJD,Nijmegen
658afe4c-9fe6-4f4d-a5ec-76dd83c24825,57,cp-000054,mapped,1015O6450,Radboud Universiteit Nijmegen (RU) Faculteit der Letteren,International Business Communication,ENG,VOLTIJD,Nijmegen
1c80d61e-8f91-434d-a83c-c22bcf0a2c3e,58,cp-000055,mapped,1016O6836,Radboud Universiteit Nijmegen (RU) Faculteit der FTR,"Islam, Politiek en Samenleving",NLD,DEELTIJD,Nijmegen
d514a08b-89d8-4f6b-9e79-1695fb4f6ee4,58,cp-000055,mapped,1016O6658,Radboud Universiteit Nijmegen (RU) Faculteit der FTR,"Islam, Politiek en Samenleving",NLD,VOLTIJD,Nijmegen
5b617df2-ebca-4c2d-9020-add2f3ac245f,59,cp-000056,mapped,1001O6053,Radboud Universiteit Nijmegen (RU) Faculteit der Letteren,Kunstgeschiedenis,NLD,VOLTIJD,Nijmegen
87594c0c-75b5-4430-aa50-861c5eae7aec,60,cp-000057,mapped,1001O6127,Radboud Universiteit Nijmegen (RU) Faculteit der NWI,Moleculaire Levenswetenschappen,ENG,VOLTIJD,Nijmegen
ce0239ec-53f4-4d12-a220-c3aa4aae3eda,61,cp-000058,mapped,1001O6132,Radboud Universiteit Nijmegen (RU) Faculteit der NWI,Natural Sciences,NLD,VOLTIJD,Nijmegen
f5f8328c-13ac-4c9a-850d-ae5b11a8b81b,62,cp-000059,mapped,1001O6193,Radboud Universiteit Nijmegen (RU) Faculteit der NWI,Natuur- en Sterrenkunde,NLD,VOLTIJD,Nijmegen
0b88c46d-9df8-4f8e-a257-818499c1cb2e,63,cp-000060,mapped,1001O6003,Radboud Universiteit Nijmegen (RU) Faculteit der Letteren,Nederlandse Taal en Cultuur,NLD,VOLTIJD,Nijmegen
bec73d07-6710-4b89-89e7-1b6093b6805e,64,cp-000061,mapped,1016O6841,Radboud Universiteit Nijmegen (RU) Faculteit der Rechtsgeleerdheid,Notarieel Recht,NLD,DEELTIJD,Nijmegen
c0f0b972-978b-416d-95a4-39b4536c2589,64,cp-000061,mapped,1016O6840,Radboud Universiteit Nijmegen (RU) Faculteit der Rechtsgeleerdheid,Notarieel Recht,NLD,VOLTIJD,Nijmegen
7f547bc1-99df-41cc-827e-d7904235cae7,65,cp-000062,mapped,1015O6471,Radboud Universiteit Nijmegen (RU) Faculteit der Sociale Wetenschappen,Pedagogische Wetenschappen,NLD,VOLTIJD,Nijmegen
cd7688bc-b4e0-4843-8cef-8c680ff4135b,66,cp-000063,mapped,1001O6238,Radboud Universiteit Nijmegen (RU) Faculteit der Sociale Wetenschappen,Pedagogische Wetenschappen van Primair Onderwijs,NLD,VOLTIJD,Nijmegen
d60f05ba-bc0e-4f4e-bb53-f582efff72f9,67,cp-000064,mapped,1015O6460,Radboud Universiteit Nijmegen (RU) Faculteit der FTR,"Philosophy, Politics and Society",ENG,VOLTIJD,Nijmegen
589bbb17-c3ea-4153-9dde-1120c44421bb,68,cp-000065,mapped,1001O5942,Radboud Universiteit Nijmegen (RU) Faculteit der Managementwetenschappen,Politicologie,NLD,VOLTIJD,Nijmegen
d951cde7-5665-4448-9d01-36f543fc1a4d,69,cp-000066,mapped,1001O5936,Radboud Universiteit Nijmegen (RU) Faculteit der Sociale Wetenschappen,Psychologie,"ENG,NLD",VOLTIJD,Nijmegen
3b90cff7-4033-4b7d-a674-ef9269c537d4,70,cp-000067,mapped,1016O6835,Radboud Universiteit Nijmegen (RU) Faculteit der Rechtsgeleerdheid,Rechtsgeleerdheid,NLD,DEELTIJD,Nijmegen
e87e02ad-4cad-404b-9663-018c7c735a21,70,cp-000067,mapped,1016O6834,Radboud Universiteit Nijmegen (RU) Faculteit der Rechtsgeleerdheid,Rechtsgeleerdheid,NLD,VOLTIJD,Nijmegen
503d783b-e952-44a0-9894-aa05e4cf0dd9,71,cp-000068,mapped,1016O6659,Radboud Universiteit Nijmegen (RU) Faculteit der FTR,"Religie, Politiek en Samenleving",NLD,VOLTIJD,Nijmegen
f008aeab-6b6d-4b74-9bc7-58c7a6bceabe,71,cp-000068,mapped,1016O6837,Radboud Universiteit Nijmegen (RU) Faculteit der FTR,"Religie, Politiek en Samenleving",NLD,DEELTIJD,Nijmegen
1e37aeda-012a-4cf2-9ef3-d6c8ce1fdb36,72,cp-000069,mapped,1016O0146,Radboud Universiteit Nijmegen (RU) Faculteit der Letteren,"Samenleving, Taal en Cultuur",NLD,VOLTIJD,Nijmegen
d3fbb1a0-6025-4246-9238-a651f8b31c86,73,cp-000070,mapped,1001O6126,Radboud Universiteit Nijmegen (RU) Faculteit der NWI,Scheikunde,ENG,VOLTIJD,Nijmegen
a47a4d00-7fcf-4092-acac-656f1a48813f,74,cp-000071,mapped,1001O5926,Radboud Universiteit Nijmegen (RU) Faculteit der Sociale Wetenschappen,Sociologie,NLD,VOLTIJD,Nijmegen
83deace9-f7a1-47eb-b138-44bdb6499682,75,cp-000072,mapped,1015O6483,Radboud Universiteit Nijmegen (RU) Faculteit der Letteren,Spaanse Taal en Cultuur,NLD,VOLTIJD,Nijmegen
07deb57c-52b5-4707-b755-9f7a884062c3,76,cp-000073,mapped,1001O5997,Radboud Universiteit Nijmegen (RU) Faculteit der Letteren,Taalwetenschap,NLD,VOLTIJD,Nijmegen
046b1fee-e4b6-49d4-8ec6-6c6c667eeca8,77,cp-000074,mapped,1001O5918,Radboud Universiteit Nijmegen (RU) Faculteit der Medische Wetenschappen,Tandheelkunde,NLD,VOLTIJD,Nijmegen
ba0182f6-7593-48de-98a6-64ef86114a23,78,cp-000075,mapped,1016O6839,Radboud Universiteit Nijmegen (RU) Faculteit der FTR,Theologie,NLD,DEELTIJD,Nijmegen
cefb4922-5684-4ad3-b71e-5e3e7117bbf6,78,cp-000075,mapped,1016O6838,Radboud Universiteit Nijmegen (RU) Faculteit der FTR,Theologie,NLD,VOLTIJD,Nijmegen
b444f4a9-c747-48ae-b222-5793e7f31fd3,79,cp-000076,mapped,1001O6181,Radboud Universiteit Nijmegen (RU) Faculteit der NWI,Wiskunde,NLD,VOLTIJD,Nijmegen
97609a36-3604-454a-a51e-b389d2bfa005,80,cp-000077,mapped,1001O5722,VU - Vrije Universiteit Amsterdam,"B Aarde, Economie en Duurzaamheid",NLD,VOLTIJD,Amsterdam
cd13c113-8eb8-49aa-a380-fb7b999983fb,81,cp-000078,mapped,1001O6196,VU - Vrije Universiteit Amsterdam,B Aardwetenschappen,NLD,VOLTIJD,Amsterdam
5edccba3-01b4-4e30-b323-84554b6339a9,82,cp-000079,mapped,1001O5981,VU - Vrije Universiteit Amsterdam,B Archeologie,NLD,VOLTIJD,Amsterdam
1c27cc8b-ffad-48e4-9ff6-69186f31944d,83,cp-000080,mapped,1001O6128,VU - Vrije Universiteit Amsterdam,B Artificial Intelligence,ENG,VOLTIJD,Amsterdam
01508adf-22fa-47e1-a7a7-d26506a6344c,84,cp-000081,mapped,1001O5714,VU - Vrije Universiteit Amsterdam,B Bedrijfskunde,NLD,VOLTIJD,Amsterdam
baac29d0-a222-4cd1-a028-a8a8c8d06af4,85,cp-000082,mapped,1001O5627,VU - Vrije Universiteit Amsterdam,B Bestuurs- en Organisatiewetenschap,NLD,VOLTIJD,Amsterdam
2327073f-1a0a-4cee-8595-2dca36242c0f,86,cp-000083,mapped,1001O6135,VU - Vrije Universiteit Amsterdam,B Bewegingswetenschappen,NLD,VOLTIJD,Amsterdam
8789f120-addb-482e-a0d1-a0bd65411e05,87,cp-000084,mapped,1001O6122,VU - Vrije Universiteit Amsterdam,B Biologie,NLD,VOLTIJD,Amsterdam
ce95e488-4fb0-4673-ad37-593a42a45b6d,88,cp-000085,mapped,1001O6233,VU - Vrije Universiteit Amsterdam,B Biomedical Sciences,ENG,VOLTIJD,Amsterdam
82668260-7bb1-4df7-a78e-58e997ad50b5,89,cp-000086,mapped,1001O6110,VU - Vrije Universiteit Amsterdam,B Business Analytics,ENG,VOLTIJD,Amsterdam
9462caa7-abc2-4ee7-bcb4-b8c63dee5b8d,90,cp-000086,mapped,1001O6110,VU - Vrije Universiteit Amsterdam,B Business Analytics (deeltijd),ENG,DEELTIJD,Amsterdam
49da5a24-ec09-4a87-9967-7879ca73da76,91,cp-000087,mapped,1001O6058,VU - Vrije Universiteit Amsterdam,B Communicatie & Informatiewetenschappen,NLD,VOLTIJD,Amsterdam
492cf5b7-8a2a-430f-90fe-9485f79d12c4,92,cp-000088,mapped,1001O5960,VU - Vrije Universiteit Amsterdam,B Communicatiewetenschap,NLD,VOLTIJD,Amsterdam
7fc2e861-5f38-46fb-b85e-4dd564a29527,93,cp-000088,mapped,1001O5960,VU - Vrije Universiteit Amsterdam,B Communication Science,ENG,VOLTIJD,Amsterdam
81223d0d-15f7-4c76-a73f-7dd0abc449e0,94,cp-000089,mapped,1001O5694,VU - Vrije Universiteit Amsterdam,B Computer Science,ENG,VOLTIJD,Amsterdam
abfae861-2119-46ae-8c1f-e12bbaca4f06,95,cp-000090,mapped,1001O5901,VU - Vrije Universiteit Amsterdam,B Criminologie,NLD,VOLTIJD,Amsterdam
672aad0c-6c9e-44a6-a731-a75629f4364d,96,cp-000091,mapped,1001O5654,VU - Vrije Universiteit Amsterdam,B Cultural Anthropology and Dev. Soc.,ENG,VOLTIJD,Amsterdam
788cccf7-c0a9-4730-ac05-9037db20c33c,97,cp-000091,mapped,1001O5654,VU - Vrije Universiteit Amsterdam,B Culturele Antropologie en Ontw. Soc.,NLD,VOLTIJD,Amsterdam
c6d01b42-fe52-491a-96ed-13245079dc31,98,cp-000092,mapped,1001O8891,VU - Vrije Universiteit Amsterdam,B Econometrics and Data Science,NLD,VOLTIJD,Amsterdam
1af3b60d-3605-446d-a0b5-ca6daa94a987,99,cp-000093,mapped,1001O6080,VU - Vrije Universiteit Amsterdam,B Econometrie en Operationele Research,NLD,VOLTIJD,Amsterdam
6fad83f4-b1ed-4a6a-8fda-4b55501214de,100,cp-000094,mapped,1001O5765,VU - Vrije Universiteit Amsterdam,B Economie en bedrijfseconomie,NLD,VOLTIJD,Amsterdam
949d90e8-8f3d-4e81-a85d-30ccce2d0ac6,101,cp-000095,mapped,1001O6202,VU - Vrije Universiteit Amsterdam,B Farmaceutische Wetenschappen,NLD,VOLTIJD,Amsterdam
798a0b06-9b15-4570-adf1-c7a67dce0e0c,102,cp-000096,mapped,1001O5842,VU - Vrije Universiteit Amsterdam,B Filosofie,NLD,VOLTIJD,Amsterdam
b47b12d0-5a51-4fcd-8fdb-7c897f6da093,103,cp-000096,mapped,1001O5842,VU - Vrije Universiteit Amsterdam,"B Filosofie (deeltijd, Nederlands)",NLD,DEELTIJD,Amsterdam
fbb226a6-634b-4f94-b54d-de1f324bd4ed,104,cp-000097,mapped,1001O5909,VU - Vrije Universiteit Amsterdam,B Geneeskunde,NLD,VOLTIJD,Amsterdam
1ee5aa6e-d0f6-42dd-bdc1-2e1958f1d2ce,105,cp-000098,mapped,1001O5821,VU - Vrije Universiteit Amsterdam,B Geschiedenis,NLD,VOLTIJD,Amsterdam
48685113-c28b-469a-82b7-c00d001e5852,106,cp-000099,mapped,1001O5702,VU - Vrije Universiteit Amsterdam,B Gezondheid en Leven,ENG,VOLTIJD,Amsterdam
0ac3ddc1-1440-4048-a3fd-b97b075cf11d,107,cp-000100,mapped,1001O5914,VU - Vrije Universiteit Amsterdam,B Gezondheidswetenschappen,NLD,VOLTIJD,Amsterdam
dc6b3bf0-d131-480c-82b8-60369d14b576,108,cp-000101,mapped,1001O5808,VU - Vrije Universiteit Amsterdam,B Griekse en Latijnse Taal en Cultuur,NLD,VOLTIJD,Amsterdam
b1c00a7f-44c2-4c52-8577-65f8a2ff74a6,109,cp-000102,mapped,1001O5772,VU - Vrije Universiteit Amsterdam,B International Business Administration,ENG,VOLTIJD,Amsterdam
cf47c510-0742-48a4-a988-b2aa491784af,110,cp-000103,mapped,1001O6241,VU - Vrije Universiteit Amsterdam,B Law in Society,ENG,VOLTIJD,Amsterdam
e8cddac0-95ea-4733-b318-f664457447c8,111,cp-000104,mapped,1001O5802,VU - Vrije Universiteit Amsterdam,B Literatuur en Samenleving,NLD,VOLTIJD,Amsterdam
44db7501-62ed-4d02-ace4-95480fd96ef4,112,cp-000105,mapped,1001O6232,VU - Vrije Universiteit Amsterdam,B Mathematics,ENG,VOLTIJD,Amsterdam
e07f169b-eaa6-4fd7-aaeb-23aeed81b942,113,cp-000105,mapped,1001O6232,VU - Vrije Universiteit Amsterdam,B Mathematics (deeltijd),ENG,DEELTIJD,Amsterdam
6f904f64-ad55-4430-8a47-2881f14dd028,114,cp-000106,mapped,1001O5801,VU - Vrije Universiteit Amsterdam,"B Media, Kunst, Design en Architectuur",NLD,VOLTIJD,Amsterdam
9c3b380b-9334-458d-bef8-015d7e3fa931,115,cp-000107,mapped,1001O5745,VU - Vrije Universiteit Amsterdam,B Medische Natuurwetenschappen,NLD,VOLTIJD,Amsterdam
48816250-821e-4dfd-86b2-6c417e4cb490,116,cp-000108,mapped,1001O6070,VU - Vrije Universiteit Amsterdam,B Notarieel recht,NLD,VOLTIJD,Amsterdam
d2feb082-cf6c-489d-8628-7397830ab151,117,cp-000109,mapped,1001O5983,VU - Vrije Universiteit Amsterdam,B Oudheidwetenschappen,NLD,VOLTIJD,Amsterdam
94b45eb4-070f-4577-a6c3-70b298a3c94e,118,cp-000110,mapped,1001O5948,VU - Vrije Universiteit Amsterdam,B Pedagogische wetenschappen,NLD,VOLTIJD,Amsterdam
21d5268e-6416-4441-8e93-b47e04d3c94f,119,cp-000111,mapped,1001O5779,VU - Vrije Universiteit Amsterdam,"B Philosophy, Politics and Economics",ENG,VOLTIJD,Amsterdam
801e07a1-fac2-4d6c-b283-2dc654ccfd2c,120,cp-000112,mapped,1001O5941,VU - Vrije Universiteit Amsterdam,B Political Science,ENG,VOLTIJD,Amsterdam
c619837a-5628-4312-b0cf-7fa49962fcc5,121,cp-000113,mapped,1001O5941,VU - Vrije Universiteit Amsterdam,B Politicologie,NLD,VOLTIJD,Amsterdam
a58a6d57-e4fd-4c0c-9612-dc56d44c01cc,122,cp-000114,mapped,1001O5935,VU - Vrije Universiteit Amsterdam,B Psychologie,NLD,VOLTIJD,Amsterdam
83735250-73b2-43ed-99ee-d4d48ac78fab,123,cp-000115,mapped,1001O5730,VU - Vrije Universiteit Amsterdam,B Rechtsgeleerdheid,NLD,VOLTIJD,Amsterdam
97aeff04-947f-4585-994c-13cfab50f7a4,124,cp-000116,mapped,1001O5723,VU - Vrije Universiteit Amsterdam,"B Science, Business & Innovation",NLD,VOLTIJD,Amsterdam
0269979c-7ce8-424d-8703-8876ada217c9,125,cp-000117,mapped,1001O5925,VU - Vrije Universiteit Amsterdam,B Sociologie,NLD,VOLTIJD,Amsterdam
d7b53240-642a-47d8-afd7-5b3296c30f17,126,cp-000118,mapped,1001O5917,VU - Vrije Universiteit Amsterdam,B Tandheelkunde,NLD,VOLTIJD,Amsterdam
bfdac061-51c9-447a-bd1b-2c3a48dcb8a9,127,cp-000119,mapped,1001O5760,VU - Vrije Universiteit Amsterdam,"B Theology and Religious Studies (deeltijd, Nederlands)",NLD,DEELTIJD,Amsterdam
ce9c0cb0-77b0-4c5b-a50e-7774287eb2d5,128,cp-000120,mapped,1001O5782,Universiteit van Amsterdam,Liberal Arts and Sciences - joint degree UvA-VU,ENG,VOLTIJD,Amsterdam
f03d1769-24ad-4555-bbc6-3f716281f9e8,129,cp-000121,mapped,1001O5622,Universiteit Maastricht,BA Cultuurwetenschappen,ENG,VOLTIJD,Maastricht
9e8eacc4-3955-4fc7-b13f-da424683833f,130,cp-000122,mapped,1001O5913,Universiteit Maastricht,BA Gezondheidswetenschappen,ENG,VOLTIJD,
c2defc5b-8cf2-4001-8c96-df5ac508f306,130,cp-000122,mapped,1001O5913,Universiteit Maastricht,BA Gezondheidswetenschappen,ENG,DEELTIJD,
5750ee70-382d-4f8c-b825-7882060bb199,131,cp-000121,mapped,1001O5622,Universiteit Maastricht,Bachelor Arts and Culture,ENG,VOLTIJD,Maastricht
fdb94688-350c-4d42-a01b-ee8552c029f9,132,cp-000123,mapped,1001O6205,Universiteit Maastricht,Bachelor Biomedische Wetenschappen,ENG,VOLTIJD,Maastricht
73df6be6-05c9-4758-a20c-0c2f55b07cff,133,cp-000124,mapped,1001O8867,Universiteit Maastricht,Bachelor Brain Science,ENG,VOLTIJD,Maastricht
3fcc3dcc-2dda-4f09-91d5-11a6d86c2ac4,134,cp-000125,mapped,1001O6108,Universiteit Maastricht,Bachelor Business Analytics,ENG,VOLTIJD,Maastricht
9e5055f1-c75c-4e48-9a17-2b3998df37b6,135,cp-000126,mapped,1001O5744,Universiteit Maastricht,Bachelor Business Engineering,ENG,VOLTIJD,Maastricht
0d410b58-f1ed-420d-a6c6-6d82b6b387a5,136,cp-000121,mapped,1001O5622,Universiteit Maastricht,Bachelor Cultuurwetenschappen,NLD,VOLTIJD,Maastricht
5aa27132-30d9-4222-b3e8-172fd5c8e63b,137,cp-000127,mapped,1001O6244,Universiteit Maastricht,Bachelor Digital Society,ENG,VOLTIJD,Maastricht
db672bf4-f5d3-48ee-a6b0-509b1ec114b8,138,cp-000128,mapped,1001O6078,Universiteit Maastricht,Bachelor Econometrics and Operations Research,ENG,VOLTIJD,Maastricht
98f01ad3-9701-4152-b819-039bc4caec19,139,cp-000129,mapped,1001O5764,Universiteit Maastricht,Bachelor Economics and Business Economics,ENG,VOLTIJD,Maastricht
f421ed76-c8b5-4d70-b1a1-748462cd80c7,139,cp-000129,mapped,1001O5764,Universiteit Maastricht,Bachelor Economics and Business Economics,ENG,VOLTIJD,Maastricht
641651e5-4ba0-47a1-bfa4-c0e81358f7ce,140,cp-000130,mapped,1001O5639,Universiteit Maastricht,Bachelor European Law School,ENG,VOLTIJD,Maastricht
16abcb8d-4579-468d-97e4-cb94f05bd24b,141,cp-000130,mapped,1001O5639,Universiteit Maastricht,Bachelor European Law School (Regular Track),NLD,VOLTIJD,Maastricht
5d702972-42da-4826-bf69-6057ab1cd922,142,cp-000131,mapped,1001O5673,Universiteit Maastricht,Bachelor European Public Health,ENG,VOLTIJD,Maastricht
3a5c59eb-5c4f-476c-8f3d-3aae7b270d63,143,cp-000132,mapped,1001O5829,Universiteit Maastricht,Bachelor European Studies,ENG,VOLTIJD,Maastricht
e05f22b5-776c-4c95-8346-dc3fe42bef3c,144,cp-000133,mapped,1001O6064,Universiteit Maastricht,Bachelor Fiscaal Recht,NLD,VOLTIJD,Maastricht
2519a3dd-7720-4d3f-b7c1-e5fc29a200fe,145,cp-000134,mapped,1001O5886,Universiteit Maastricht,Bachelor Fiscal Economics,ENG,VOLTIJD,Maastricht
d3a4ee63-3b1d-4b81-9551-f750ddde9841,146,cp-000135,mapped,1001O5907,Universiteit Maastricht,Bachelor Geneeskunde,NLD,VOLTIJD,Maastricht
7d5325c8-0ae3-42d7-8f99-c29c7d935b0b,147,cp-000122,mapped,1001O5913,Universiteit Maastricht,Bachelor Gezondheidswetenschappen,NLD,VOLTIJD,Maastricht
a53209d3-eeb2-4362-9092-e1924ec84565,148,cp-000136,mapped,1001O6246,Universiteit Maastricht,Bachelor Global Studies,ENG,VOLTIJD,Maastricht
c7cb1b01-d9a8-43e6-9355-9a9f46fe9dec,149,cp-000137,mapped,1001O5643,Universiteit Maastricht,Bachelor International Business,ENG,VOLTIJD,Maastricht
fd3c72b5-6a80-44d6-b1aa-c0cb9c2d3a12,150,cp-000138,mapped,1001O5683,Universiteit Maastricht,Bachelor Liberal Arts and Sciences / University College Maastricht,ENG,VOLTIJD,Maastricht
c1d90502-0f43-42d1-8af0-f2bdb8b06925,151,cp-000139,mapped,1001O5683,Universiteit Maastricht,Bachelor Liberal Arts and Sciences / University College Venlo,ENG,VOLTIJD,Venlo
d8acf2b1-a0b8-408b-8e85-b498cb3c6988,152,cp-000140,mapped,1001O6248,Universiteit Maastricht,Bachelor of Science in Circular Engineering,ENG,VOLTIJD,Maastricht
d27e32af-0efb-4648-829b-e35b172e1818,153,cp-000141,mapped,1001O8805,Universiteit Maastricht,Bachelor of Science in Computer Science,ENG,VOLTIJD,Maastricht
716ae143-098f-4717-b156-b0d3943a7b92,154,cp-000142,mapped,1001O5675,Universiteit Maastricht,Bachelor of Science in Data Science and Artificial Intelligence,ENG,VOLTIJD,Maastricht
da6e801a-7826-4066-be6e-551d4d4b3365,155,cp-000143,mapped,1001O5933,Universiteit Maastricht,Bachelor Psychologie,NLD,VOLTIJD,Maastricht
8f225667-a137-4f04-af87-8b39ba14301a,156,cp-000143,mapped,1001O5933,Universiteit Maastricht,Bachelor Psychology English track,ENG,VOLTIJD,Maastricht
01500bba-81d9-45a0-bc40-73c7c1b8b883,157,cp-000144,mapped,1001O5728,Universiteit Maastricht,Bachelor Rechtsgeleerdheid,ENG,VOLTIJD,Maastricht
96bc9a22-5859-48d9-92c8-ea7aa5d6cb17,157,cp-000144,mapped,1001O5728,Universiteit Maastricht,Bachelor Rechtsgeleerdheid,NLD,VOLTIJD,Maastricht
10e0868a-24e9-4931-85e6-86746d72b4d4,158,cp-000145,mapped,1001O8844,Universiteit Maastricht,Bachelor Regenerative Medicine and Technology,ENG,VOLTIJD,Maastricht
7db313c6-39b2-4cf3-8351-aff51f2f14df,159,cp-000146,mapped,1016O2305,Universiteit Maastricht,Bachelor Sustainable Bioscience,ENG,VOLTIJD,
1f54541f-c421-4c9a-9ee8-d3cd965530b9,160,cp-000147,mapped,1016O2836,Universiteit Maastricht,Bachelor Urban Sustainability Studies,ENG,VOLTIJD,Heerlen
42ec19d9-0a2a-4c79-8bb8-0fadbf5b831e,161,cp-000148,mapped,1001O5683,Universiteit Maastricht,Liberal Arts and Sciences / Maastricht Science Programme,ENG,VOLTIJD,Maastricht
5e92b633-813b-49dd-b340-b29a35d5f94f,162,cp-000149,mapped,1001O6047,Open Universiteit,Bachelor Algemene Cultuurwetenschappen,NLD,DEELTIJD,
5999a0cc-4b7e-403b-9620-5c4f050b158c,163,cp-000150,mapped,1001O5716,Open Universiteit,Bachelor Bedrijfskunde,NLD,DEELTIJD,
9301643e-650b-4e17-84cf-4e7bb3c81d59,164,cp-000151,mapped,1001O6175,Open Universiteit,Bachelor Informatica,,DEELTIJD,
4804770d-7103-474a-9f79-b4c8c164b9ff,165,cp-000152,mapped,1001O6101,Open Universiteit,Bachelor Informatiekunde,NLD,DEELTIJD,
60218a63-892d-4f34-83f8-7024923498c1,166,cp-000153,mapped,1001O6200,Open Universiteit,Bachelor Milieu-natuurwetenschappen,NLD,DEELTIJD,
0b38acc6-a633-4142-a39c-b7293fa7797e,167,cp-000154,mapped,1001O5938,Open Universiteit,Bachelor Psychologie,NLD,DEELTIJD,
c2b0b7f5-d93e-4b30-9bd4-7fdc98312850,168,cp-000155,mapped,1001O5733,Open Universiteit,Bachelor Rechtsgeleerdheid,NLD,DEELTIJD,
8a8ac1ca-8dbc-4ccc-9603-1b491d0e0b76,169,cp-000156,mapped,1016O1755,Protestantse Theologische Universiteit,,,VOLTIJD,Utrecht
7ec8283e-6bf0-481c-97ee-5902e80e485f,170,cp-000157,mapped,1001O5786,Protestantse Theologische Universiteit,,,DEELTIJD,Amsterdam
bd01dacc-7403-4f20-8f80-bc57d2b8e87c,170,cp-000157,mapped,1001O5786,Protestantse Theologische Universiteit,,,VOLTIJD,Amsterdam
be251e98-fb14-450f-ab0a-e6c36074c106,171,cp-000158,mapped,1001O5705,Rijksuniversiteit Groningen,American Studies,ENG,VOLTIJD,Groningen
1b7b9120-8520-4517-aa6a-0fa9cfa88a93,172,cp-000159,mapped,1001O5979,Rijksuniversiteit Groningen,Archeologie,NLD,VOLTIJD,Groningen
f25f1b86-400e-4a61-aa61-016f79febb1d,173,cp-000160,mapped,1001O5711,Rijksuniversiteit Groningen,Bedrijfskunde,NLD,VOLTIJD,Groningen
e2f255c1-67be-4d9e-a23a-519afc6c6258,174,cp-000161,mapped,1001O6134,Rijksuniversiteit Groningen,Bewegingswetenschappen,NLD,VOLTIJD,Groningen
260beda1-04c1-467a-abb5-477579bd5850,175,cp-000162,mapped,1001O6118,Rijksuniversiteit Groningen,Biologie,ENG,VOLTIJD,Groningen
d9269d1a-3824-4c3e-995b-4cccca0e0d5f,176,cp-000163,mapped,1001O5871,Rijksuniversiteit Groningen,Biomedische Technologie,ENG,VOLTIJD,Groningen
904dec2c-bde4-407c-a49c-2392218523a3,177,cp-000164,mapped,1016O0160,Rijksuniversiteit Groningen,Cognitiewetenschappen,ENG,VOLTIJD,Groningen
dbaf18f3-6904-4181-b626-edcc1a2b1338,177,cp-000164,mapped,1016O0160,Rijksuniversiteit Groningen,Cognitiewetenschappen,ENG,DEELTIJD,Groningen
9a7d3271-edc5-4cb6-b9d6-c0961afb1eb7,178,cp-000165,mapped,1001O6056,Rijksuniversiteit Groningen,Communicatie- en Informatiewetenschappen,ENG,VOLTIJD,Groningen
d5f3bff1-0da9-493b-8fdb-de0f2e57ce8a,178,cp-000165,mapped,1001O6056,Rijksuniversiteit Groningen,Communicatie- en Informatiewetenschappen,NLD,VOLTIJD,Groningen
e105b951-f50c-47d6-b509-65bdf8c9c351,179,cp-000166,mapped,1001O8744,Rijksuniversiteit Groningen,Data Science and Society,ENG,VOLTIJD,Leeuwarden
1c629a16-101a-4443-ab12-892186c9947b,180,cp-000167,mapped,1001O6076,Rijksuniversiteit Groningen,Econometrie en Operationele Research,ENG,VOLTIJD,Groningen
a4d4cf7e-8e74-41fc-a8a3-4c66cc26b871,181,cp-000168,mapped,1001O5761,Rijksuniversiteit Groningen,Economie en Bedrijfseconomie,ENG,VOLTIJD,Groningen
569ea016-9cbd-48bc-a8e1-0267c100a505,182,cp-000169,mapped,1016O0156,Rijksuniversiteit Groningen,Economische en Sociale Wetenschappen,ENG,VOLTIJD,Groningen
6e49dae8-7b6b-4507-99e0-3dbdc03dcfee,182,cp-000169,mapped,1016O0156,Rijksuniversiteit Groningen,Economische en Sociale Wetenschappen,ENG,DEELTIJD,Groningen
30e12bfc-0a6c-4405-b9a4-44d36fc73867,183,cp-000170,mapped,1001O5670,Rijksuniversiteit Groningen,English Language and Culture,ENG,VOLTIJD,Groningen
82208812-6628-4218-9bc3-75899aa22507,184,cp-000171,mapped,1001O5866,Rijksuniversiteit Groningen,Europese Talen en Culturen,ENG,VOLTIJD,Groningen
ae66d52f-a2cd-4901-a3d9-758d1def7154,184,cp-000171,mapped,1001O5866,Rijksuniversiteit Groningen,Europese Talen en Culturen,NLD,VOLTIJD,Groningen
2de276ca-433d-4a84-babe-b435e9555aab,185,cp-000172,mapped,1001O5867,Rijksuniversiteit Groningen,Farmacie,NLD,VOLTIJD,Groningen
2acf37c7-02d6-49ef-820d-2efbf5affb19,186,cp-000173,mapped,1001O5838,Rijksuniversiteit Groningen,Filosofie,NLD,DEELTIJD,Groningen
c2a1f8aa-50aa-4915-9af1-b8737d4efa4b,186,cp-000173,mapped,1001O5838,Rijksuniversiteit Groningen,Filosofie,NLD,VOLTIJD,Groningen
eac3899e-592f-4d88-a06d-38c798d53914,187,cp-000174,mapped,1016O3611,Rijksuniversiteit Groningen,Friese Taal en Cultuur,NLD,VOLTIJD,Groningen
f3168827-5498-49fe-b6a3-de8e1d1770fd,188,cp-000175,mapped,1001O5904,Rijksuniversiteit Groningen,Geneeskunde,NLD,VOLTIJD,Groningen
9c581084-e27a-4479-8319-da52b189f6c5,189,cp-000176,mapped,1001O5817,Rijksuniversiteit Groningen,Geschiedenis,ENG,DEELTIJD,Groningen
b49220e3-6bad-4151-bc7b-26353b11b190,189,cp-000176,mapped,1001O5817,Rijksuniversiteit Groningen,Geschiedenis,ENG,VOLTIJD,Groningen
bca85496-aabf-4684-a7c9-c8f94ad39a36,189,cp-000176,mapped,1001O5817,Rijksuniversiteit Groningen,Geschiedenis,NLD,VOLTIJD,Groningen
c6c14e5e-a173-4962-9bfc-c4f2349fbd91,189,cp-000176,mapped,1001O5817,Rijksuniversiteit Groningen,Geschiedenis,NLD,DEELTIJD,Groningen
4c1226da-29f8-45a7-abc4-5c7ab0913f97,190,cp-000177,mapped,1016O0157,Rijksuniversiteit Groningen,Geschiedwetenschap,ENG,DEELTIJD,Groningen
9289061f-cb9e-4003-8fd4-e53b7ed6b88b,190,cp-000177,mapped,1016O0157,Rijksuniversiteit Groningen,Geschiedwetenschap,ENG,VOLTIJD,Groningen
f41491f0-8793-4090-affb-54b5d73e445a,191,cp-000178,mapped,1001O6236,Rijksuniversiteit Groningen,Global Responsibility and Leadership,ENG,VOLTIJD,Leeuwarden
6fc5c36c-1857-4713-bb26-a3bd0d0f9ffa,192,cp-000179,mapped,1001O5806,Rijksuniversiteit Groningen,Griekse en Latijnse Taal en Cultuur,NLD,DEELTIJD,Groningen
732193a9-b696-4e7b-a9a0-58d9a21d9cb0,192,cp-000179,mapped,1001O5806,Rijksuniversiteit Groningen,Griekse en Latijnse Taal en Cultuur,NLD,VOLTIJD,Groningen
3c9ac13b-3f3a-40f7-93d4-277ac2b1ba0a,193,cp-000180,mapped,1001O5774,Rijksuniversiteit Groningen,Human Geography and Planning,ENG,VOLTIJD,Groningen
4ff92595-5040-4b1d-99dc-1db05424ff79,194,cp-000181,mapped,1001O6170,Rijksuniversiteit Groningen,Informatica,ENG,VOLTIJD,Groningen
2094d140-1f9f-4c1b-97dc-24e7fe031ce7,195,cp-000182,mapped,1001O6095,Rijksuniversiteit Groningen,Informatiekunde,NLD,VOLTIJD,Groningen
06bd2460-2125-4500-b1ec-430a1c182b3f,196,cp-000183,mapped,1001O6072,Rijksuniversiteit Groningen,International and European Law,ENG,VOLTIJD,Groningen
0e47b3a5-ccd2-4f65-945c-3af5415fa0e5,197,cp-000184,mapped,1001O5642,Rijksuniversiteit Groningen,International Business,ENG,VOLTIJD,Groningen
0611d762-fbeb-447b-a5d3-94fbd74157a0,198,cp-000185,mapped,1001O5706,Rijksuniversiteit Groningen,Internationale Betrekkingen en Internationale Organisatie,ENG,VOLTIJD,Groningen
612ec857-e93e-4a78-a707-b298d080a090,199,cp-000186,mapped,1016O0159,Rijksuniversiteit Groningen,Kunst- en Cultuurwetenschappen,ENG,VOLTIJD,Groningen
69eef1f8-8e97-460d-9012-67fdc09a0e88,199,cp-000186,mapped,1016O0159,Rijksuniversiteit Groningen,Kunst- en Cultuurwetenschappen,ENG,DEELTIJD,Groningen
9e23a930-ecf9-4d34-8d18-e67f01e7a0bd,200,cp-000187,mapped,1001O5707,Rijksuniversiteit Groningen,"Kunsten, Cultuur en Media",NLD,VOLTIJD,Groningen
a8535621-e4bd-4c12-ae3e-c6f3c9faa529,200,cp-000187,mapped,1001O5707,Rijksuniversiteit Groningen,"Kunsten, Cultuur en Media",ENG,VOLTIJD,Groningen
1e81842f-4493-4002-9e06-0969c894d7bb,201,cp-000188,mapped,1001O6049,Rijksuniversiteit Groningen,Kunstgeschiedenis,ENG,VOLTIJD,Groningen
4b74ef4f-fecd-4f5b-8d01-03ea19860504,202,cp-000189,mapped,1001O6182,Rijksuniversiteit Groningen,Kunstmatige Intelligentie,ENG,VOLTIJD,Groningen
6ba5832a-e4da-4b08-8ea3-5c68c6030cc2,203,cp-000190,mapped,1016O0161,Rijksuniversiteit Groningen,Levenswetenschappen,ENG,DEELTIJD,Groningen
936d4c47-fac3-4bf0-b9ac-723961578f55,203,cp-000190,mapped,1016O0161,Rijksuniversiteit Groningen,Levenswetenschappen,ENG,VOLTIJD,Groningen
fa0baf5c-377f-4622-896c-bfa4e794154c,204,cp-000191,mapped,1001O5680,Rijksuniversiteit Groningen,Liberal Arts and Sciences,ENG,VOLTIJD,Groningen
9f4f3fca-05c4-424b-a789-30599628e4fe,205,cp-000192,mapped,1001O5878,Rijksuniversiteit Groningen,Life Science and Technology,ENG,VOLTIJD,Groningen
046b499c-6c6e-406e-a89d-7b12857ebf4d,206,cp-000193,mapped,1001O5757,Rijksuniversiteit Groningen,Media en Cultuur,ENG,VOLTIJD,Groningen
682fe0e8-824a-4092-86e4-60eddcb11fe5,207,cp-000194,mapped,1001O5847,Rijksuniversiteit Groningen,Midden-Oostenstudies,NLD,VOLTIJD,Groningen
d3f89b01-47e8-45a6-9784-af4673f05905,208,cp-000195,mapped,1001O5810,Rijksuniversiteit Groningen,Minorities & Multilingualism,ENG,VOLTIJD,Groningen
fcdcc818-1259-4ec2-8eb9-eb4fc45456e8,208,cp-000195,mapped,1001O5810,Rijksuniversiteit Groningen,Minorities & Multilingualism,ENG,DEELTIJD,Groningen
c31383d8-c766-4d04-8dc8-7b45c862b083,209,cp-000196,mapped,1001O5666,Rijksuniversiteit Groningen,Natuurkunde,ENG,VOLTIJD,Groningen
80294d0e-c445-4579-8e68-a4d010382965,210,cp-000197,mapped,1016O0158,Rijksuniversiteit Groningen,Natuurwetenschappen,ENG,DEELTIJD,Groningen
921d7c62-e005-4455-9392-5a3e24598c8a,210,cp-000197,mapped,1016O0158,Rijksuniversiteit Groningen,Natuurwetenschappen,ENG,VOLTIJD,Groningen
0a7af361-bc30-4c15-8bf4-0e56c08fa50b,211,cp-000198,mapped,1001O5999,Rijksuniversiteit Groningen,Nederlandse Taal en Cultuur,NLD,VOLTIJD,Groningen
633888ce-f7f8-4667-880f-56dd1cd7aa53,212,cp-000199,mapped,1016O3657,Rijksuniversiteit Groningen,Nederlandse Taal en Cultuur,NLD,VOLTIJD,Groningen
14ed6072-b520-4b71-b182-a3a05e42349c,213,cp-000200,mapped,1016O2817,Rijksuniversiteit Groningen,Nederlandse Talen en Culturen,NLD,VOLTIJD,Groningen
e97b8534-977e-42e8-880e-a0ee0544879c,214,cp-000201,mapped,1001O5944,Rijksuniversiteit Groningen,Pedagogische Wetenschappen,NLD,VOLTIJD,Groningen
047bc658-35b9-4fe7-8477-cc514a91542c,215,cp-000202,mapped,1016O0162,Rijksuniversiteit Groningen,Politieke Wetenschappen,ENG,VOLTIJD,Groningen
e017269b-212b-409e-be4e-74d970180572,215,cp-000202,mapped,1016O0162,Rijksuniversiteit Groningen,Politieke Wetenschappen,ENG,DEELTIJD,Groningen
4ab3b08b-8e82-4cb5-ac50-8e55c3a64810,216,cp-000203,mapped,1001O5929,Rijksuniversiteit Groningen,Psychologie,ENG,VOLTIJD,Groningen
6f88b5d5-d5af-4775-b07a-87773fd3535b,216,cp-000203,mapped,1001O5929,Rijksuniversiteit Groningen,Psychologie,NLD,VOLTIJD,Groningen
048b86d5-80b4-47c6-b575-2978bc2c9676,217,cp-000204,mapped,1001O5725,Rijksuniversiteit Groningen,Rechtsgeleerdheid,NLD,VOLTIJD,Groningen
9b40f5fa-8bae-4ebc-a6dd-7fef966024ff,217,cp-000204,mapped,1001O5725,Rijksuniversiteit Groningen,Rechtsgeleerdheid,NLD,VOLTIJD,Leeuwarden
1ae42d82-855c-4125-8003-9e75ec2d1418,218,cp-000205,mapped,1001O5751,Rijksuniversiteit Groningen,Religiewetenschappen,ENG,VOLTIJD,Groningen
e8c968b9-ccc9-4d44-9583-ec3d6611faf4,218,cp-000205,mapped,1001O5751,Rijksuniversiteit Groningen,Religiewetenschappen,NLD,VOLTIJD,Groningen
b278c846-17eb-40fc-b4dc-2c5fe409e4ff,219,cp-000206,mapped,1001O6112,Rijksuniversiteit Groningen,Scheikunde,ENG,VOLTIJD,Groningen
9aeec357-869f-4b56-8a9b-d04c4fb71643,220,cp-000207,mapped,1001O6149,Rijksuniversiteit Groningen,Scheikundige Technologie,ENG,VOLTIJD,Groningen
4f52b521-015b-4986-80e1-14fa94119715,221,cp-000208,mapped,1001O5921,Rijksuniversiteit Groningen,Sociologie,NLD,VOLTIJD,Groningen
72204c16-0a8f-45c5-af36-dbb02f13ce44,222,cp-000209,mapped,1001O5869,Rijksuniversiteit Groningen,Spatial Planning and Design,ENG,VOLTIJD,Groningen
49ee7fec-702e-4e02-9c34-7b2446790af0,223,cp-000210,mapped,1001O5664,Rijksuniversiteit Groningen,Sterrenkunde,ENG,VOLTIJD,Groningen
86479170-43cd-40ad-8474-91de4abf6db7,224,cp-000211,mapped,1001O5993,Rijksuniversiteit Groningen,Taalwetenschap,NLD,VOLTIJD,Groningen
6e8348de-66e7-4c14-a350-eaf7036dc9fe,225,cp-000212,mapped,1001O5915,Rijksuniversiteit Groningen,Tandheelkunde,NLD,VOLTIJD,Groningen
2e3fcbfe-87d1-459e-8e76-1ca4e72334d0,226,cp-000213,mapped,1001O6210,Rijksuniversiteit Groningen,Technische Bedrijfskunde,ENG,VOLTIJD,Groningen
58bd2539-41a9-4207-bbdf-4fa471f7d6d0,227,cp-000214,mapped,1001O6152,Rijksuniversiteit Groningen,Technische Natuurkunde,ENG,VOLTIJD,Groningen
bb901d8a-76d9-4e7c-9b49-689fba25f0c2,228,cp-000215,mapped,1001O6160,Rijksuniversiteit Groningen,Technische Wiskunde,ENG,VOLTIJD,Groningen
28e85f49-4d08-4793-b0e8-70c2c7d6db09,229,cp-000216,mapped,1001O5855,Rijksuniversiteit Groningen,Theologie,NLD,VOLTIJD,Groningen
e9fa6c40-5ae6-499d-b007-7c209b64aa47,229,cp-000216,mapped,1001O5855,Rijksuniversiteit Groningen,Theologie,NLD,DEELTIJD,Groningen
ee1d0182-8a04-4521-a377-8d18c941594a,230,cp-000217,mapped,1001O6177,Rijksuniversiteit Groningen,Wiskunde,ENG,VOLTIJD,Groningen
65b743d9-46e0-4f63-b7f1-8d0b10bbe2b5,231,cp-000218,mapped,1001O6046,Tilburg University,Algemene Cultuurwetenschappen,NLD,VOLTIJD,Tilburg
f996326d-f358-4fd6-9bd5-31ccaafda2d2,231,cp-000218,mapped,1001O6046,Tilburg University,Algemene Cultuurwetenschappen,NLD,DEELTIJD,Tilburg
e49d865c-85a9-44a2-b0b0-07d36e668ba0,232,cp-000219,mapped,1016O1090,Tilburg University,B Bedrijfskunde,NLD,VOLTIJD,Tilburg
ccc226b6-54b8-4a00-8815-a6ad02213ec2,233,cp-000220,mapped,1016O0554,Tilburg University,B Bestuurskunde,NLD,VOLTIJD,Tilburg
d6bbd376-44c9-49bf-a492-871db64d8340,234,cp-000221,mapped,1016O0543,Tilburg University,B Organisatie- en Managementwetenschappen,NLD,VOLTIJD,Tilburg
8f32c604-e8c1-47bd-a58e-017c97c644ff,235,cp-000222,mapped,1016O0544,Tilburg University,B Organisatie- en Managementwetenschappen:GMSI (Engelstalig),ENG,VOLTIJD,Tilburg
62e99cdf-41eb-411c-b32e-ce0b81027230,236,cp-000223,mapped,1016O0545,Tilburg University,B Personeelwetenschappen,NLD,VOLTIJD,Tilburg
9219846e-0da4-477e-8adb-bba94c2320ff,237,cp-000224,mapped,1016O0546,Tilburg University,B Personeelwetenschappen (HRS: People Management),ENG,VOLTIJD,Tilburg
8c87a4cd-795b-479c-acd2-3294d83010fa,238,cp-000225,mapped,1016O0440,Tilburg University,B Psychologie (Engelstalig),ENG,VOLTIJD,Tilburg
17cfb7fe-c43e-41e8-bfa9-ee2d203be078,239,cp-000226,mapped,1016O0439,Tilburg University,B Psychologie (Nederlandstalig),NLD,VOLTIJD,Tilburg
9fd6b04b-98e1-4cf3-997d-76c8de20102e,240,cp-000227,mapped,1016O1091,Tilburg University,B Public Governance,ENG,VOLTIJD,Tilburg
34ac50b9-496c-4401-b50a-ef46b7d8b404,241,cp-000228,mapped,1016O0539,Tilburg University,B Rechtsgeleerdheid,NLD,VOLTIJD,Tilburg
846c10c4-22c1-4b10-b144-a249eeed02dd,242,cp-000229,mapped,1016O0540,Tilburg University,B Rechtsgeleerdheid: Specialisatie Ondernemingsrecht,NLD,VOLTIJD,Tilburg
3ade8948-42f3-4b25-88ec-224ac18925aa,243,cp-000230,mapped,1016O0553,Tilburg University,B Sociologie,NLD,VOLTIJD,Tilburg
51e1f981-9c8a-4c08-bbb3-9b8d02bbc343,244,cp-000231,mapped,1016O1092,Tilburg University,B Sociologie (International Sociology),ENG,VOLTIJD,Tilburg
fe0190e9-546b-4687-a488-8798a97fc4be,245,cp-000232,mapped,1001O6245,Tilburg University,Cognitive Science and Artificial Intelligence,ENG,VOLTIJD,Tilburg
98ad9ed3-ecd3-4217-9844-b2453d4c45d1,246,cp-000233,mapped,1001O6060,Tilburg University,Communicatie- en Informatiewetenschappen,NLD,VOLTIJD,Tilburg
d536bc0c-a63d-48db-b03a-8e659763bf3b,246,cp-000233,mapped,1001O6060,Tilburg University,Communicatie- en Informatiewetenschappen,NLD,DEELTIJD,Tilburg
497276e4-db19-46ab-9e63-69cbacc4023c,247,cp-000234,mapped,1016O1094,Tilburg University,Data Science,ENG,VOLTIJD,Tilburg
f642259f-1a46-4c7d-af4d-e4b4ea55bb48,248,cp-000235,mapped,1001O6081,Tilburg University,Econometrie en Operationele Research,ENG,VOLTIJD,Tilburg
e6bf9ead-7188-43ee-b800-72671f459690,249,cp-000236,mapped,1001O5883,Tilburg University,Economics,ENG,VOLTIJD,Tilburg
be3575d2-95c5-48fb-9ced-dba6f01a39d0,250,cp-000237,mapped,1001O5767,Tilburg University,Economie en Bedrijfseconomie,NLD,VOLTIJD,Tilburg
70a504d4-da6a-4ed9-93c4-928e91f14059,251,cp-000238,mapped,1001O6247,Tilburg University,Entrepreneurship and Business Innovation,ENG,VOLTIJD,Tilburg
334169b2-e2b7-406f-8fbd-97de2f0c430b,252,cp-000239,mapped,1001O5844,Tilburg University,Filosofie,NLD,DEELTIJD,Tilburg
3d460953-694f-4cbe-95a9-c95868f9573c,252,cp-000239,mapped,1001O5844,Tilburg University,Filosofie,NLD,VOLTIJD,Tilburg
b6a0ccc1-41ca-4c13-b4e7-71b5c05e541e,253,cp-000240,mapped,1016O0438,Tilburg University,Fiscale economie,NLD,VOLTIJD,Tilburg
0e31fa43-a733-4ee4-b2b3-7f68a245d0c1,254,cp-000241,mapped,1001O5902,Tilburg University,Global Law,ENG,VOLTIJD,Tilburg
83ed252b-2d40-4deb-9942-245a5a6f48a7,255,cp-000242,mapped,1001O5773,Tilburg University,International Business Administration,ENG,VOLTIJD,Tilburg
55d1ea5d-f95e-4a70-974a-31f6bb61f32d,256,cp-000243,mapped,1001O5686,Tilburg University,Liberal Arts and Sciences,ENG,VOLTIJD,Tilburg
3f6223e1-1733-4157-a138-60f2e6fb6ca5,257,cp-000244,mapped,1001O5858,Tilburg University,Theologie,ENG,DEELTIJD,Tilburg
7a3f3634-f5b8-47bd-8d43-3c9dcd72fb45,257,cp-000244,mapped,1001O5858,Tilburg University,Theologie,ENG,VOLTIJD,Utrecht
aef8281f-a56c-468f-bf61-3a17f47bf374,257,cp-000244,mapped,1001O5858,Tilburg University,Theologie,ENG,VOLTIJD,Tilburg
b19a72e3-1d14-42c4-b26d-6fe47bd3d926,257,cp-000244,mapped,1001O5858,Tilburg University,Theologie,ENG,DEELTIJD,Utrecht
8df0e92e-4b18-4ff0-a995-25ce46f61de9,258,cp-000245,mapped,1001O5853,Universiteit voor Humanistiek,Humanistiek,NLD,VOLTIJD,Utrecht
10e2b60a-fdb4-3c6b-e063-63beb4836d31,259,cp-000246,mapped,1015O6835,Technische Universiteit Delft,Bachelor Bouwkunde,NLD,VOLTIJD,
1479db3d-0ac0-de62-e063-63beb4838e95,260,cp-000247,mapped,1015O6933,Technische Universiteit Delft,Bachelor Civiele Techniek,NLD,VOLTIJD,
147a30cb-edea-0336-e063-63beb483d396,261,cp-000248,mapped,1015O6940,Technische Universiteit Delft,Bachelor Electrical Engineering,NLD,VOLTIJD,
147a30cb-edf0-0336-e063-63beb483d396,262,cp-000249,mapped,1015O7236,Technische Universiteit Delft,Bachelor Industrieel Ontwerpen,NLD,VOLTIJD,
148e55ad-4d58-64b1-e063-63beb483f067,263,cp-000250,mapped,1015O7390,Technische Universiteit Delft,Bachelor Klinische Technologie,NLD,VOLTIJD,
148e55ad-4d5e-64b1-e063-63beb483f067,264,cp-000251,mapped,1015O7388,Technische Universiteit Delft,Bachelor Life Science and Technology,NLD,VOLTIJD,
147a30cb-edf7-0336-e063-63beb483d396,265,cp-000252,mapped,1015O7235,Technische Universiteit Delft,Bachelor Luchtvaart- en Ruimtevaarttechniek,NLD,VOLTIJD,
147a30cb-edff-0336-e063-63beb483d396,266,cp-000253,mapped,1015O7234,Technische Universiteit Delft,Bachelor Maritieme Techniek,NLD,VOLTIJD,
148e55ad-4d6a-64b1-e063-63beb483f067,267,cp-000254,mapped,1015O7391,Technische Universiteit Delft,Bachelor Nanobiologie,NLD,VOLTIJD,
147a30cb-ee06-0336-e063-63beb483d396,268,cp-000255,mapped,1015O7233,Technische Universiteit Delft,Bachelor Technische Aardwetenschappen,NLD,VOLTIJD,
147a30cb-ee0c-0336-e063-63beb483d396,269,cp-000256,mapped,1015O7228,Technische Universiteit Delft,Bachelor Technische Bestuurskunde,NLD,VOLTIJD,
147a30cb-ee12-0336-e063-63beb483d396,270,cp-000257,mapped,1015O7231,Technische Universiteit Delft,Bachelor Technische Informatica,NLD,VOLTIJD,
147a30cb-ee18-0336-e063-63beb483d396,271,cp-000258,mapped,1015O7241,Technische Universiteit Delft,Bachelor Technische Natuurkunde,NLD,VOLTIJD,
147a30cb-ee1e-0336-e063-63beb483d396,272,cp-000259,mapped,1015O7230,Technische Universiteit Delft,Bachelor Technische Wiskunde,NLD,VOLTIJD,
147a30cb-ee24-0336-e063-63beb483d396,273,cp-000260,mapped,1015O7229,Technische Universiteit Delft,Bachelor Werktuigbouwkunde,NLD,VOLTIJD,
0e0bba73-9a88-76e4-e063-6f2ba8c08759,274,cp-000261,mapped,1015O6277,Technische Universiteit Eindhoven,Automotive Technology,ENG,VOLTIJD,Eindhoven
0cde291f-bcea-09a6-e063-6f2ba8c0ea9a,275,cp-000262,mapped,1015O6204,Technische Universiteit Eindhoven,Biomedische Technologie,ENG,VOLTIJD,Eindhoven
0cde291f-bd0a-09a6-e063-6f2ba8c0ea9a,276,cp-000263,mapped,1015O6209,Technische Universiteit Eindhoven,Bouwkunde,ENG,VOLTIJD,Eindhoven
0e0bba73-9ad8-76e4-e063-6f2ba8c08759,277,cp-000264,mapped,1015O6287,Technische Universiteit Eindhoven,Computer Science and Engineering,ENG,VOLTIJD,Eindhoven
0a965189-5d8c-06f5-e063-6f2ba8c07429,278,cp-000234,mapped,1015O6359,Technische Universiteit Eindhoven,Data Science,ENG,VOLTIJD,Eindhoven
0e0bba73-9a90-76e4-e063-6f2ba8c08759,279,cp-000265,mapped,1015O6278,Technische Universiteit Eindhoven,Electrical Engineering,ENG,VOLTIJD,Eindhoven
0e8344bc-a27d-0ae7-e063-6f2ba8c0a89a,280,cp-000266,mapped,1015O5087,Technische Universiteit Eindhoven,Industrial Design,ENG,VOLTIJD,Eindhoven
27e23ff8-9996-49de-a45e-7a4c9d7f8eef,281,cp-000267,mapped,1016O3578,Technische Universiteit Eindhoven,Mechanical Engineering,NLD,VOLTIJD,Eindhoven
0cde291f-bcf2-09a6-e063-6f2ba8c0ea9a,282,cp-000268,mapped,1015O6205,Technische Universiteit Eindhoven,Medische Wetenschappen en Technologie,NLD,VOLTIJD,Eindhoven
0a98fccb-3c4b-5417-e063-6f2ba8c09422,283,cp-000269,mapped,1015O5091,Technische Universiteit Eindhoven,Psychology & Technology,ENG,VOLTIJD,Eindhoven
0e0bba73-9aa0-76e4-e063-6f2ba8c08759,284,cp-000270,mapped,1015O6280,Technische Universiteit Eindhoven,Scheikundige Technologie,ENG,VOLTIJD,Eindhoven
0e31ff3f-ddee-48c4-e063-6f2ba8c0151b,285,cp-000271,mapped,1015O6351,Technische Universiteit Eindhoven,Sustainable Innovation,ENG,VOLTIJD,Eindhoven
0e0bba73-9b58-76e4-e063-6f2ba8c08759,286,cp-000272,mapped,1015O6303,Technische Universiteit Eindhoven,Technische Bedrijfskunde,ENG,VOLTIJD,Eindhoven
0e0bba73-9ac8-76e4-e063-6f2ba8c08759,287,cp-000273,mapped,1015O6285,Technische Universiteit Eindhoven,Technische Natuurkunde,ENG,VOLTIJD,Eindhoven
0e0bba73-9b18-76e4-e063-6f2ba8c08759,288,cp-000274,mapped,1015O6295,Technische Universiteit Eindhoven,Technische Wiskunde,ENG,VOLTIJD,Eindhoven
e4de27b6-ec9d-46b7-a9f0-7ade138b1ed3,289,cp-000275,mapped,1001O5859,Theologische Universiteit Apeldoorn,Bachelor Theologie,NLD,VOLTIJD,Apeldoorn
591f9a4d-9f5c-4746-b2e6-158480ed73c1,290,cp-000276,mapped,1001O5860,Theologische Universiteit Utrecht,Theologie,NLD,DEELTIJD,Utrecht
777f6dae-c9bd-458e-9750-6f3ba66e8f69,290,cp-000276,mapped,1001O5860,Theologische Universiteit Utrecht,Theologie,NLD,VOLTIJD,Utrecht
a62cb339-7da0-4065-b548-454638f4a878,291,cp-000277,mapped,1001O6041,Universiteit Leiden,African Studies,ENG,VOLTIJD,Leiden
9302e80d-d9bd-417c-bd9f-707a5023a8df,292,cp-000278,mapped,1001O5978,Universiteit Leiden,Archeologie,NLD,VOLTIJD,Leiden
936b2d9f-d706-43ab-be6c-0cc3e3e4c9a0,293,cp-000279,mapped,1001O5965,Universiteit Leiden,Bestuurskunde,NLD,VOLTIJD,'s-Gravenhage
daa76097-745b-4ce4-add8-3769548f359e,294,cp-000280,mapped,1001O5667,Universiteit Leiden,Bio-Farmaceutische Wetenschappen,NLD,VOLTIJD,Leiden
62bcefb3-ce80-4f36-a0de-8c141d886cf8,295,cp-000281,mapped,1001O6117,Universiteit Leiden,Biologie,NLD,VOLTIJD,Leiden
3282d4c3-9710-43a9-b8ac-7195b996fe99,296,cp-000282,mapped,1001O6203,Universiteit Leiden,Biomedische Wetenschappen,NLD,VOLTIJD,Leiden
7ec304b7-5cc0-4311-9cbe-04538dd60aa6,297,cp-000283,mapped,1001O6038,Universiteit Leiden,Chinastudies,NLD,VOLTIJD,Leiden
42fe62d2-354f-45be-9b1d-97b1585e296b,298,cp-000284,mapped,1001O5899,Universiteit Leiden,Criminologie,NLD,DEELTIJD,Leiden
a9549a79-15f5-4667-9dea-35a7730a8be7,298,cp-000284,mapped,1001O5899,Universiteit Leiden,Criminologie,NLD,VOLTIJD,Leiden
fa3a2734-93de-418f-9a9c-a8b76e6e23a3,299,cp-000285,mapped,1001O5651,Universiteit Leiden,Cultural Anthropology and Development Sociology,NLD,VOLTIJD,Leiden
edd060e9-1f6d-4023-8e68-ebe55d5989a7,300,cp-000286,mapped,1001O8924,Universiteit Leiden,Cybersecurity & Cybercrime,NLD,VOLTIJD,'s-Gravenhage
a42b6f7f-b207-40c8-8655-9db3cf9ecadf,301,cp-000287,mapped,1001O5674,Universiteit Leiden,Data Science and Artificial Intelligence,ENG,VOLTIJD,Leiden
6c2c1673-374e-41e5-b5c7-e2f9b1e4e050,302,cp-000288,mapped,1001O6004,Universiteit Leiden,Duitse Taal en Cultuur,NLD,VOLTIJD,Leiden
4b7ca1e3-7b76-44b9-91d7-5cba443515c4,303,cp-000289,mapped,1001O8921,Universiteit Leiden,Economie en Samenleving,NLD,VOLTIJD,'s-Gravenhage
6a1f2ec1-36ec-4f7d-9ebe-a88e84bb160a,304,cp-000290,mapped,1001O6010,Universiteit Leiden,English Language and Culture,ENG,DEELTIJD,Leiden
6ae30079-4cd6-43ff-bb20-ff67d9f33284,304,cp-000290,mapped,1001O6010,Universiteit Leiden,English Language and Culture,ENG,VOLTIJD,Leiden
d7731d03-7593-4ed9-9516-65642eb8bb0a,305,cp-000291,mapped,1001O5689,Universiteit Leiden,Film- en Literatuurwetenschap,NLD,VOLTIJD,Leiden
5ba4a5cc-67b5-4b24-bef3-8211b46d8d65,306,cp-000292,mapped,1001O5837,Universiteit Leiden,Filosofie,NLD,DEELTIJD,Leiden
f04865ab-07ab-473d-a227-3aebc1358c8a,306,cp-000292,mapped,1001O5837,Universiteit Leiden,Filosofie,NLD,VOLTIJD,Leiden
13740343-8cc0-4857-a859-d1af59425991,307,cp-000293,mapped,1001O6061,Universiteit Leiden,Fiscaal Recht,NLD,DEELTIJD,Leiden
c2311d3c-2fb8-4a92-893b-5857b81f4ced,307,cp-000293,mapped,1001O6061,Universiteit Leiden,Fiscaal Recht,NLD,VOLTIJD,Leiden
45073c5b-1603-4af2-8994-24a755deb82e,308,cp-000294,mapped,1001O6018,Universiteit Leiden,Franse Taal en Cultuur,NLD,VOLTIJD,Leiden
ea20505f-8391-43fc-ab2e-5b4ced724af7,308,cp-000294,mapped,1001O6018,Universiteit Leiden,Franse Taal en Cultuur,NLD,DEELTIJD,Leiden
25c52901-b71c-4b6b-bf06-ba8b28b9970a,309,cp-000295,mapped,1001O5903,Universiteit Leiden,Geneeskunde,NLD,VOLTIJD,Leiden
380b13e0-f7f4-461c-9342-5dba777a873b,310,cp-000296,mapped,1001O5816,Universiteit Leiden,Geschiedenis,NLD,VOLTIJD,Leiden
2e7faf28-7b0b-41ad-9c53-b7316952f79d,311,cp-000297,mapped,1001O5805,Universiteit Leiden,Griekse en Latijnse Taal en Cultuur,NLD,VOLTIJD,Leiden
a4812baf-728b-4150-8051-5905a14a0505,312,cp-000298,mapped,1001O6169,Universiteit Leiden,Informatica,NLD,VOLTIJD,Leiden
ebd8088f-01e9-43dc-bc37-0fbafc517019,312,cp-000298,mapped,1001O6169,Universiteit Leiden,Informatica,NLD,DEELTIJD,'s-Gravenhage
5148ad1c-e08b-4b33-a0bb-959a46f2c54c,313,cp-000299,mapped,1001O6229,Universiteit Leiden,International Studies,ENG,VOLTIJD,'s-Gravenhage
5e0dcfac-87d7-4241-a306-847fb32b9338,314,cp-000300,mapped,1001O6023,Universiteit Leiden,Italiaanse Taal en Cultuur,NLD,VOLTIJD,Leiden
8338f751-e95b-4388-ad31-a079d5489b26,315,cp-000301,mapped,1001O6039,Universiteit Leiden,Japanstudies,NLD,VOLTIJD,Leiden
a26947de-77c5-4e7f-b8ec-0f514fdf2b74,316,cp-000302,mapped,1001O6040,Universiteit Leiden,Koreastudies,NLD,VOLTIJD,Leiden
cf6ccfea-6aa4-47dc-8026-7a3cb434ed68,317,cp-000303,mapped,1001O6048,Universiteit Leiden,Kunstgeschiedenis,NLD,VOLTIJD,Leiden
ec5d6df9-1407-4c3e-9744-b9eda96923ea,317,cp-000303,mapped,1001O6048,Universiteit Leiden,Kunstgeschiedenis,NLD,DEELTIJD,Leiden
1719d0f0-80f1-4e9e-9c82-f9f439ca0ce9,318,cp-000304,mapped,1001O5831,Universiteit Leiden,Latijns-Amerikastudies,NLD,VOLTIJD,Leiden
01471285-05ac-42ee-a8b7-8ed2d5301d8f,319,cp-000305,mapped,1001O5696,Universiteit Leiden,Liberal Arts and Sciences: Global Challenges,ENG,VOLTIJD,'s-Gravenhage
f547c15b-e8e0-46bf-badf-3656ef71a46b,320,cp-000306,mapped,1001O5846,Universiteit Leiden,Midden-Oostenstudies,NLD,VOLTIJD,Leiden
d0fe8a4d-c5a0-449f-b2a7-0f8aa5bad97e,321,cp-000307,mapped,1001O5791,Universiteit Leiden,Molecular Science and Technology (joint degree),NLD,VOLTIJD,Leiden
36df5286-af3f-4bf9-b253-33a2e058deba,322,cp-000308,mapped,1001O5665,Universiteit Leiden,Natuurkunde,NLD,VOLTIJD,Leiden
e6a6da23-a5da-4c1c-9591-af8fc3c22363,322,cp-000308,mapped,1001O5665,Universiteit Leiden,Natuurkunde,NLD,DEELTIJD,Leiden
1516a224-9dc7-486c-b4a9-194e29647841,323,cp-000309,mapped,1001O5832,Universiteit Leiden,Nederlandkunde,NLD,VOLTIJD,Leiden
f3d4ac08-6c10-41a1-9fd4-55bf8c48f4c9,324,cp-000310,mapped,1001O5998,Universiteit Leiden,Nederlandse Taal en Cultuur,NLD,VOLTIJD,Leiden
2a8b67fc-e8eb-4845-a1b1-2f11864f7170,325,cp-000311,mapped,1001O6067,Universiteit Leiden,Notarieel Recht,NLD,VOLTIJD,Leiden
3420ec7c-ba55-4c48-9ddd-ac41f209c0b0,325,cp-000311,mapped,1001O6067,Universiteit Leiden,Notarieel Recht,NLD,DEELTIJD,Leiden
6b4029a3-29a3-47f3-a843-bbae08a5db15,326,cp-000312,mapped,1001O5865,Universiteit Leiden,Oude Nabije Oosten-studies,NLD,VOLTIJD,Leiden
03adc3e8-6330-44a3-af7c-7c0167a302d9,327,cp-000313,mapped,1001O5943,Universiteit Leiden,Pedagogische Wetenschappen,NLD,VOLTIJD,Leiden
0ba7c2f3-63cb-4e02-813f-abc71688802f,328,cp-000315,mapped,1001O5939,Universiteit Leiden,Politicologie,NLD,VOLTIJD,'s-Gravenhage
ef79d6dd-18b5-46f5-aa58-7e95d38c4138,328,cp-000314,mapped,1001O5939,Universiteit Leiden,Politicologie,NLD,VOLTIJD,Leiden
b3bcc7d2-3569-4f03-bd03-74685fd72253,329,cp-000316,mapped,1001O5928,Universiteit Leiden,Psychologie,NLD,VOLTIJD,Leiden
4d5b3ac7-9c43-4696-bfde-02ec758cb4c9,330,cp-000317,mapped,1001O5724,Universiteit Leiden,Rechtsgeleerdheid,NLD,DEELTIJD,Leiden
9f454950-1598-4f30-9472-eaad8d2011cb,330,cp-000317,mapped,1001O5724,Universiteit Leiden,Rechtsgeleerdheid,NLD,VOLTIJD,Leiden
4366f339-b9e7-4c10-8ac6-993ddf02c6fb,331,cp-000318,mapped,1001O5750,Universiteit Leiden,Religiewetenschappen,NLD,VOLTIJD,Leiden
b1840abc-6948-49e9-ade4-f33402b17186,331,cp-000318,mapped,1001O5750,Universiteit Leiden,Religiewetenschappen,NLD,DEELTIJD,Leiden
9ff4aca0-5872-4f99-a657-86ef46fcd4dc,332,cp-000319,mapped,1001O5746,Universiteit Leiden,Russische Studies,NLD,VOLTIJD,Leiden
23783a5b-9606-46aa-8551-9af17c922efb,333,cp-000320,mapped,1001O8926,Universiteit Leiden,Science for Sustainable Societies,ENG,VOLTIJD,Leiden
97b29776-81a7-4cdf-a436-d140e66cb614,334,cp-000321,mapped,1001O6231,Universiteit Leiden,Security Studies,ENG,VOLTIJD,'s-Gravenhage
2fc604cd-7bb1-4555-a28f-f2e3094e5b16,335,cp-000322,mapped,1001O5848,Universiteit Leiden,South and Southeast Asian Studies,ENG,VOLTIJD,Leiden
c11036c6-3d5a-46e5-8cf7-77ade229f7c0,336,cp-000323,mapped,1001O5663,Universiteit Leiden,Sterrenkunde,NLD,VOLTIJD,Leiden
317696ce-099e-4d80-ac75-6e9203b4a505,337,cp-000324,mapped,1001O5992,Universiteit Leiden,Taalwetenschap,NLD,VOLTIJD,Leiden
7699cbb2-d1db-4f58-ba2e-c63f7807f00b,338,cp-000325,mapped,1001O6237,Universiteit Leiden,Urban Studies,ENG,VOLTIJD,'s-Gravenhage
1eebade1-2fc2-4516-8dbd-395527bc62fb,339,cp-000326,mapped,1001O6176,Universiteit Leiden,Wiskunde,NLD,VOLTIJD,Leiden
8d8fc7ea-73ca-428c-8992-0dc16fb78644,339,cp-000326,mapped,1001O6176,Universiteit Leiden,Wiskunde,NLD,DEELTIJD,Leiden
378a7b38-6d8e-4e6f-8050-7d9af08a60d6,340,cp-000327,mapped,1015O6816,Universiteit Twente,Bachelor Civil Engineering,ENG,VOLTIJD,
10dc9743-58ff-c392-e063-0f10140a1489,341,cp-000328,mapped,1015O6821,Universiteit Twente,Bachelor Creative Technology,ENG,VOLTIJD,
10dc9743-5906-c392-e063-0f10140a1489,342,cp-000329,mapped,1015O6822,Universiteit Twente,Bachelor Creative Technology - Amsterdam (VU-UT),ENG,VOLTIJD,
02531414-1515-43f1-9589-77cbad138cbb,343,cp-000330,mapped,1015O6818,Universiteit Twente,Bachelor Mechanical Engineering,ENG,VOLTIJD,
95ca715a-1938-470b-a64c-8469337f322b,344,cp-000331,mapped,1015O7322,Universiteit Twente,Bachelor Mechanical Engineering - Amsterdam (VU-UT),ENG,VOLTIJD,
bf2e8c3d-6ced-4a33-a739-621d58dbf237,345,cp-000332,mapped,1015O5101,Universiteit Utrecht,Aardwetenschappen,NLD,VOLTIJD,
0c38e9ed-b76e-7689-e063-6f41a8c02adf,346,cp-000333,mapped,1015O5638,Universiteit Utrecht,Academische lerarenopleiding primair onderwijs,NLD,DEELTIJD,
7ade0e47-c1a5-4241-b016-819cf8955377,346,cp-000333,mapped,1015O5638,Universiteit Utrecht,Academische lerarenopleiding primair onderwijs,NLD,VOLTIJD,
3e86db3b-cb74-4ba7-b9ba-9c0c00002ff6,347,cp-000334,mapped,1001O5626,Universiteit Utrecht,Bestuurs- en organisatiewetenschap,NLD,VOLTIJD,
0c3c8996-ee9f-6c8e-e063-6f41a8c067fb,348,cp-000335,mapped,1015O5740,Universiteit Utrecht,Biologie,NLD,VOLTIJD,
0c3c8996-eeaf-6c8e-e063-6f41a8c067fb,349,cp-000336,mapped,1001O6204,Universiteit Utrecht,Biomedische wetenschappen,NLD,VOLTIJD,
0c3c8996-eeef-6c8e-e063-6f41a8c067fb,350,cp-000337,mapped,1001O6057,Universiteit Utrecht,Communicatie- en informatiewetenschappen,NLD,VOLTIJD,
61868f1f-281a-4642-97e9-f4adcf9166e3,351,cp-000338,mapped,1016O4381,Universiteit Utrecht,Culturele antropologie en ontwikkelingssociologie,NLD,VOLTIJD,
0c3c8996-ef47-6c8e-e063-6f41a8c067fb,352,cp-000339,mapped,1001O5919,Universiteit Utrecht,Diergeneeskunde,NLD,VOLTIJD,
0c3c8996-ef67-6c8e-e063-6f41a8c067fb,353,cp-000340,mapped,1015O5768,Universiteit Utrecht,Economics and Business Economics,ENG,VOLTIJD,
6a92998f-ff9a-421b-bc5f-828673b5720f,354,cp-000341,mapped,1016O8883,Universiteit Utrecht,English Language and Culture,ENG,VOLTIJD,
0c3c8996-efcf-6c8e-e063-6f41a8c067fb,355,cp-000342,mapped,1015O5782,Universiteit Utrecht,Farmacie,NLD,VOLTIJD,
0c3cf58d-c301-5959-e063-6f41a8c03f22,356,cp-000343,mapped,1015O5772,Universiteit Utrecht,Filosofie,NLD,VOLTIJD,
0c3c8996-f027-6c8e-e063-6f41a8c067fb,357,cp-000344,mapped,1001O5905,Universiteit Utrecht,Geneeskunde,NLD,VOLTIJD,
0c3c8996-f00f-6c8e-e063-6f41a8c067fb,358,cp-000345,mapped,1015O5790,Universiteit Utrecht,Geschiedenis,NLD,VOLTIJD,
0c3c8996-f037-6c8e-e063-6f41a8c067fb,359,cp-000346,mapped,1015O5795,Universiteit Utrecht,Global Sustainability Science,ENG,VOLTIJD,
0c3c8996-f077-6c8e-e063-6f41a8c067fb,360,cp-000347,mapped,1015O5802,Universiteit Utrecht,History,ENG,VOLTIJD,
0c3c8996-f0cf-6c8e-e063-6f41a8c067fb,361,cp-000348,mapped,1015O5812,Universiteit Utrecht,Informatica,NLD,VOLTIJD,
0c3c8996-f0df-6c8e-e063-6f41a8c067fb,362,cp-000349,mapped,1015O5814,Universiteit Utrecht,Informatiekunde,NLD,VOLTIJD,
0c3c8996-ee67-6c8e-e063-6f41a8c067fb,363,cp-000350,mapped,1015O5733,Universiteit Utrecht,Interdisciplinaire sociale wetenschap,NLD,VOLTIJD,
0c3c8996-f12f-6c8e-e063-6f41a8c067fb,364,cp-000351,mapped,1001O6050,Universiteit Utrecht,Kunstgeschiedenis,NLD,VOLTIJD,
0c3c8996-eeff-6c8e-e063-6f41a8c067fb,365,cp-000352,mapped,1001O6183,Universiteit Utrecht,Kunstmatige Intelligentie,NLD,VOLTIJD,
0c3c8996-f137-6c8e-e063-6f41a8c067fb,366,cp-000353,mapped,1015O5824,Universiteit Utrecht,Liberal Arts and Sciences,NLD,VOLTIJD,
0c3c8996-f145-6c8e-e063-6f41a8c067fb,367,cp-000354,mapped,1001O5989,Universiteit Utrecht,Literatuurwetenschap,NLD,VOLTIJD,
c3dbc751-ba80-49f7-a55a-17ab1554d6a7,368,cp-000355,mapped,1001O5758,Universiteit Utrecht,Media en cultuur,NLD,VOLTIJD,
0c3c8996-f175-6c8e-e063-6f41a8c067fb,369,cp-000356,mapped,1001O5804,Universiteit Utrecht,Molecular and Biophysical Life Sciences,ENG,VOLTIJD,
0c3c8996-f1a5-6c8e-e063-6f41a8c067fb,370,cp-000357,mapped,1001O5975,Universiteit Utrecht,Muziekwetenschap,NLD,VOLTIJD,
0c3c8996-f1b5-6c8e-e063-6f41a8c067fb,371,cp-000358,mapped,1015O5840,Universiteit Utrecht,Natuur- en Sterrenkunde,NLD,VOLTIJD,
0c3c8996-f0ef-6c8e-e063-6f41a8c067fb,372,cp-000359,mapped,1015O5816,Universiteit Utrecht,Natuurwetenschap en Innovatiemanagement,NLD,VOLTIJD,
0c38e9ed-b7a6-7689-e063-6f41a8c02adf,373,cp-000360,mapped,1015O5681,Universiteit Utrecht,Nederlandse taal en cultuur,NLD,VOLTIJD,
0c38e9ed-b75e-7689-e063-6f41a8c02adf,374,cp-000361,mapped,1016O8472,Universiteit Utrecht,Onderwijswetenschappen,NLD,DEELTIJD,
0c38e9ed-b766-7689-e063-6f41a8c02adf,374,cp-000361,mapped,1016O8472,Universiteit Utrecht,Onderwijswetenschappen,NLD,VOLTIJD,
0c3c8996-f225-6c8e-e063-6f41a8c067fb,375,cp-000362,mapped,1015O5854,Universiteit Utrecht,Pedagogische Wetenschappen,NLD,VOLTIJD,
0c3c8996-f245-6c8e-e063-6f41a8c067fb,376,cp-000363,mapped,1001O5778,Universiteit Utrecht,"Philosophy, Politics and Economics",ENG,VOLTIJD,
a57b71a2-0ac3-416f-bc6a-17d0cfccc6e9,377,cp-000364,mapped,1016O8474,Universiteit Utrecht,,NLD,VOLTIJD,
0c3c8996-f30b-6c8e-e063-6f41a8c067fb,378,cp-000365,mapped,1015O5888,Universiteit Utrecht,Psychologie,NLD,VOLTIJD,
0c3c8996-f323-6c8e-e063-6f41a8c067fb,379,cp-000366,mapped,1001O5726,Universiteit Utrecht,Rechtsgeleerdheid,NLD,VOLTIJD,
0c3c8996-f3f9-6c8e-e063-6f41a8c067fb,380,cp-000367,mapped,1015O5904,Universiteit Utrecht,Scheikunde,NLD,VOLTIJD,
0c3c8996-f3d1-6c8e-e063-6f41a8c067fb,381,cp-000368,mapped,1015O5901,Universiteit Utrecht,Sociale geografie en planologie,NLD,VOLTIJD,
0c3c8996-f3d9-6c8e-e063-6f41a8c067fb,381,cp-000368,mapped,1015O5901,Universiteit Utrecht,Sociale geografie en planologie,NLD,DEELTIJD,
0c3c8996-f3b9-6c8e-e063-6f41a8c067fb,382,cp-000369,mapped,1015O5898,Universiteit Utrecht,Sociologie,NLD,VOLTIJD,
0c3cf58d-c351-5959-e063-6f41a8c03f22,383,cp-000370,mapped,1015O5896,Universiteit Utrecht,Spaanse taal en cultuur,NLD,VOLTIJD,
0c3cf58d-c321-5959-e063-6f41a8c03f22,384,cp-000371,mapped,1015O5828,Universiteit Utrecht,Taal- en cultuurstudies,NLD,VOLTIJD,
0c3cf58d-c319-5959-e063-6f41a8c03f22,385,cp-000372,mapped,1001O5994,Universiteit Utrecht,Taalwetenschap,NLD,VOLTIJD,
0a457f9d-c678-219f-e063-6f41a8c003e4,386,cp-000373,mapped,1015O5825,Universiteit Utrecht,UCR Liberal Arts and Sciences,ENG,VOLTIJD,
0a457f9d-c680-219f-e063-6f41a8c003e4,387,cp-000374,mapped,1015O5826,Universiteit Utrecht,UCU Liberal Arts and Sciences,ENG,VOLTIJD,
0c3cf58d-c2f9-5959-e063-6f41a8c03f22,388,cp-000375,mapped,1015O5757,Universiteit Utrecht,Wiskunde,NLD,VOLTIJD,
0c3cf58d-c2d9-5959-e063-6f41a8c03f22,389,cp-000376,mapped,1001O5777,Universiteit Utrecht,"Zorg, Gezondheid & Samenleving",NLD,VOLTIJD,
1df36934-4bdf-4a60-90df-20739ffdc3c7,390,cp-000377,mapped,1001O5889,Universiteit van Amsterdam,Actuariële Wetenschappen,NLD,VOLTIJD,Amsterdam
f3749f99-6a24-41cf-8386-298f1fb54a06,390,cp-000377,mapped,1001O5889,Universiteit van Amsterdam,Actuariële Wetenschappen,ENG,VOLTIJD,Amsterdam
4058d53c-f2fd-4bf5-abea-42515131851b,391,cp-000378,mapped,1001O5825,Universiteit van Amsterdam,Arabische Taal en Cultuur,NLD,DEELTIJD,Amsterdam
c3a0d022-5978-4a76-80b1-b20982b7325d,391,cp-000378,mapped,1001O5825,Universiteit van Amsterdam,Arabische Taal en Cultuur,NLD,VOLTIJD,Amsterdam
9d8a6a84-94bd-41a3-8d3a-359980448143,392,cp-000379,mapped,1001O5980,Universiteit van Amsterdam,Archeologie,ENG,VOLTIJD,Amsterdam
cd831aad-7a2c-428b-8bd3-97bb38b428bc,392,cp-000379,mapped,1001O5980,Universiteit van Amsterdam,Archeologie,NLD,VOLTIJD,Amsterdam
08fd8b27-0c85-43b5-9876-85ea46d2e062,393,cp-000380,mapped,1001O6121,Universiteit van Amsterdam,Biologie,NLD,VOLTIJD,Amsterdam
78ab29bd-d4be-4a94-a320-ee89c1e92b1a,394,cp-000381,mapped,1001O6206,Universiteit van Amsterdam,Biomedische Wetenschappen,NLD,VOLTIJD,Amsterdam
42b7c0d9-863c-432f-97c7-295ffa99990b,395,cp-000382,mapped,1001O5748,Universiteit van Amsterdam,Business Administration,NLD,VOLTIJD,Amsterdam
999c4bba-abe8-4069-95c2-390361eeba8f,395,cp-000382,mapped,1001O5748,Universiteit van Amsterdam,Business Administration,ENG,VOLTIJD,Amsterdam
01856e4c-048d-4580-98ca-1d4621577af2,396,cp-000383,mapped,1001O6109,Universiteit van Amsterdam,Business Analytics,ENG,VOLTIJD,Amsterdam
f80fc9b1-0f70-44a1-9989-ea082f5d9a0e,397,cp-000384,mapped,1001O5668,Universiteit van Amsterdam,Bèta-gamma,NLD,VOLTIJD,Amsterdam
a7c11c14-fa69-44ee-92cb-ca344ea5d8df,398,cp-000385,mapped,1001O6239,Universiteit van Amsterdam,"Cognition, Language and Communication",NLD,VOLTIJD,Amsterdam
38ecb419-e488-472b-874e-7961aff154ab,399,cp-000386,mapped,1001O5959,Universiteit van Amsterdam,Communicatiewetenschap,NLD,VOLTIJD,Amsterdam
f3d14230-cbe1-4ab8-a131-a83dbbcde0ed,400,cp-000387,mapped,1001O5776,Universiteit van Amsterdam,Computational Social Science,ENG,VOLTIJD,Amsterdam
27133d09-ca94-4d70-934d-4b0db4e5daf5,401,cp-000388,mapped,1001O5653,Universiteit van Amsterdam,Culturele Antropologie en Ontwikkelingssociologie,NLD,VOLTIJD,Amsterdam
a0272e06-7b1a-4f0a-b6d2-fea2838ae767,401,cp-000388,mapped,1001O5653,Universiteit van Amsterdam,Culturele Antropologie en Ontwikkelingssociologie,ENG,VOLTIJD,Amsterdam
2b5524e8-35c1-4920-ac16-6577b8c74547,402,cp-000389,mapped,1001O5623,Universiteit van Amsterdam,Cultuurwetenschappen,NLD,VOLTIJD,Amsterdam
ce1ff09d-b533-4b62-b0f2-fe93332d57b8,402,cp-000389,mapped,1001O5623,Universiteit van Amsterdam,Cultuurwetenschappen,ENG,VOLTIJD,Amsterdam
3b3812f5-3b0d-4053-b899-8f30db67d12e,403,cp-000390,mapped,1001O6007,Universiteit van Amsterdam,Duitse Taal en Cultuur,NLD,DEELTIJD,Amsterdam
4a19a818-e571-4fab-954a-66da822b5dc4,403,cp-000390,mapped,1001O6007,Universiteit van Amsterdam,Duitse Taal en Cultuur,NLD,VOLTIJD,Amsterdam
63a7f897-c4cc-4a32-80f8-b0fa4b83f8cf,404,cp-000391,mapped,1001O6240,Universiteit van Amsterdam,Econometrics and Data Science,NLD,VOLTIJD,Amsterdam
bac6aef9-e05a-4616-85fc-452db1e421f9,404,cp-000391,mapped,1001O6240,Universiteit van Amsterdam,Econometrics and Data Science,ENG,VOLTIJD,Amsterdam
10b961de-2004-4b27-9ccc-4ae51842452d,405,cp-000392,mapped,1001O6230,Universiteit van Amsterdam,Economics and Business Economics,NLD,VOLTIJD,Amsterdam
fc877a6f-d277-4534-9ae7-d8ae000235ec,405,cp-000392,mapped,1001O6230,Universiteit van Amsterdam,Economics and Business Economics,ENG,VOLTIJD,Amsterdam
17eb3c42-c7bd-46f7-a47f-057b9519b6a9,406,cp-000393,mapped,1001O6013,Universiteit van Amsterdam,English Language and Culture,ENG,VOLTIJD,Amsterdam
f7539a37-3ccd-4bdf-9e95-32e726cc7b6b,406,cp-000393,mapped,1001O6013,Universiteit van Amsterdam,English Language and Culture,ENG,DEELTIJD,Amsterdam
258bf8f7-6a62-4880-94e5-bb62b1e8de31,407,cp-000394,mapped,1001O5830,Universiteit van Amsterdam,Europese Studies,NLD,VOLTIJD,Amsterdam
4ea8d232-54d8-46e0-8f76-8fa52951a6ca,407,cp-000394,mapped,1001O5830,Universiteit van Amsterdam,Europese Studies,ENG,VOLTIJD,Amsterdam
aedb04b3-ea9a-48d1-9302-75ff31cb5987,408,cp-000395,mapped,1001O5841,Universiteit van Amsterdam,Filosofie,NLD,VOLTIJD,Amsterdam
d4ebe5bc-71db-45d1-a1e4-b17e02411265,408,cp-000395,mapped,1001O5841,Universiteit van Amsterdam,Filosofie,NLD,DEELTIJD,Amsterdam
a8824be2-f644-4328-b126-052aa62edf5f,409,cp-000396,mapped,1001O6065,Universiteit van Amsterdam,Fiscaal Recht,NLD,VOLTIJD,Amsterdam
c96f35b8-9295-4cca-afed-86e43527f084,410,cp-000397,mapped,1001O5887,Universiteit van Amsterdam,Fiscale Economie,NLD,VOLTIJD,Amsterdam
4be04d89-516b-406f-ac39-1bcb13a8b113,411,cp-000398,mapped,1001O6020,Universiteit van Amsterdam,Franse Taal en Cultuur,NLD,VOLTIJD,Amsterdam
85cfc7e1-1eba-4d09-b459-35608548dbb5,411,cp-000398,mapped,1001O6020,Universiteit van Amsterdam,Franse Taal en Cultuur,NLD,DEELTIJD,Amsterdam
a78fefd8-076d-4886-b478-0463ada4b84f,412,cp-000399,mapped,1001O5693,Universiteit van Amsterdam,Future Planet Studies,NLD,VOLTIJD,Amsterdam
55b2759a-7839-410a-925c-0e868e2c1404,413,cp-000400,mapped,1001O5908,Universiteit van Amsterdam,Geneeskunde,NLD,VOLTIJD,Amsterdam
4281c43a-8eb8-4521-8ed2-020eba1807f4,414,cp-000401,mapped,1001O5820,Universiteit van Amsterdam,Geschiedenis,NLD,VOLTIJD,Amsterdam
be136359-b8f5-4011-a2d2-83c4e2f94141,414,cp-000401,mapped,1001O5820,Universiteit van Amsterdam,Geschiedenis,NLD,DEELTIJD,Amsterdam
e28df739-fd5a-4962-8bae-287077a3b259,415,cp-000402,mapped,1001O5959,Universiteit van Amsterdam,Global Communication Science,ENG,VOLTIJD,Amsterdam
1e60f5ab-3390-453c-8cc1-19338ee1a766,416,cp-000403,mapped,1001O5807,Universiteit van Amsterdam,Griekse en Latijnse Taal en Cultuur,NLD,VOLTIJD,Amsterdam
fb2e58fa-9a07-4a39-96ce-70d530c5674b,416,cp-000403,mapped,1001O5807,Universiteit van Amsterdam,Griekse en Latijnse Taal en Cultuur,NLD,DEELTIJD,Amsterdam
496b5025-e2c0-49b5-952f-1a8dcb7c5e5f,417,cp-000404,mapped,1001O5749,Universiteit van Amsterdam,Hebreeuwse Taal en Cultuur,NLD,VOLTIJD,Amsterdam
f344b09c-6749-4733-ab5a-8cc7cf7973ed,417,cp-000404,mapped,1001O5749,Universiteit van Amsterdam,Hebreeuwse Taal en Cultuur,NLD,DEELTIJD,Amsterdam
e5ebc562-ca67-42c1-8d8a-6b3cfdadd071,418,cp-000405,mapped,1001O6172,Universiteit van Amsterdam,Informatica,NLD,VOLTIJD,Amsterdam
471bcc5c-8d13-4638-8011-4ed9e23359b3,419,cp-000405,mapped,1001O6172,Universiteit van Amsterdam,Informatica - vrije opleiding,NLD,VOLTIJD,Amsterdam
8ab1d947-10ed-49e1-be37-cb73de3f8861,420,cp-000406,mapped,1001O6097,Universiteit van Amsterdam,Informatiekunde,NLD,VOLTIJD,Amsterdam
a03e2629-a352-4eeb-baaf-85f2423695d2,421,cp-000406,mapped,1001O6097,Universiteit van Amsterdam,Informatiekunde - vrije opleiding,NLD,VOLTIJD,Amsterdam
18ecb813-f54b-4902-a6b0-d0bf8d5990ef,422,cp-000407,mapped,1001O5972,Universiteit van Amsterdam,Interdisciplinaire Sociale Wetenschap,NLD,VOLTIJD,Amsterdam
963bd95a-ea26-4c79-9a2f-6bc950fef287,423,cp-000408,mapped,1001O6025,Universiteit van Amsterdam,Italiaanse Taal en Cultuur,NLD,VOLTIJD,Amsterdam
9b5050ec-cb0f-424d-8754-4f9cef576bff,423,cp-000408,mapped,1001O6025,Universiteit van Amsterdam,Italiaanse Taal en Cultuur,NLD,DEELTIJD,Amsterdam
1a3540fa-4167-4946-871b-b03ec1fd65d9,424,cp-000409,mapped,1001O6051,Universiteit van Amsterdam,Kunstgeschiedenis,NLD,VOLTIJD,Amsterdam
e709a42d-9882-4398-baed-0c895dc64a2f,424,cp-000409,mapped,1001O6051,Universiteit van Amsterdam,Kunstgeschiedenis,NLD,DEELTIJD,Amsterdam
a3951ff9-296e-41e8-98d3-df49b8de2d15,425,cp-000410,mapped,1001O6184,Universiteit van Amsterdam,Kunstmatige Intelligentie,NLD,VOLTIJD,Amsterdam
1d7b2096-f487-4fe0-971a-b3494a180f55,426,cp-000411,mapped,1001O5995,Universiteit van Amsterdam,Linguistics,ENG,VOLTIJD,Amsterdam
61e3b596-ca18-4231-a094-b0d1a2700f39,427,cp-000412,mapped,1001O5990,Universiteit van Amsterdam,Literary Studies,ENG,DEELTIJD,Amsterdam
ea3a9857-9965-4b32-beb3-77831606d16e,427,cp-000412,mapped,1001O5990,Universiteit van Amsterdam,Literary Studies,ENG,VOLTIJD,Amsterdam
27b4685b-9cd0-47f3-b740-9b350dc53676,428,cp-000413,mapped,1001O5630,Universiteit van Amsterdam,Media and Information,ENG,DEELTIJD,Amsterdam
7551ed69-5c79-4646-a8b9-fdd03aad54ae,428,cp-000413,mapped,1001O5630,Universiteit van Amsterdam,Media and Information,ENG,VOLTIJD,Amsterdam
252f409e-9857-489c-99b0-43a9837b3e1e,429,cp-000414,mapped,1001O5759,Universiteit van Amsterdam,Media en Cultuur,NLD,VOLTIJD,Amsterdam
27d8e360-40ab-480e-913f-f9c35a7e872c,429,cp-000414,mapped,1001O5759,Universiteit van Amsterdam,Media en Cultuur,ENG,VOLTIJD,Amsterdam
7e732b22-cd23-4390-9eb6-671ab0996b19,430,cp-000415,mapped,1001O5920,Universiteit van Amsterdam,Medische Informatiekunde,NLD,VOLTIJD,Amsterdam
2605196b-eb34-4465-8e2a-ffd612d19a0d,431,cp-000416,mapped,1001O5976,Universiteit van Amsterdam,Muziekwetenschap,NLD,DEELTIJD,Amsterdam
3b16154b-869b-4095-a06c-6574b9df34bd,431,cp-000416,mapped,1001O5976,Universiteit van Amsterdam,Muziekwetenschap,NLD,VOLTIJD,Amsterdam
2598755b-a567-4722-850b-6d3b0c10bd71,432,cp-000417,mapped,1001O5797,Universiteit van Amsterdam,Natuur- en Sterrenkunde - joint degree UvA-VU,NLD,VOLTIJD,Amsterdam
4e60cabd-e7d7-43b9-b7d9-b54cf857e71b,433,cp-000417,mapped,1001O5797,Universiteit van Amsterdam,"Natuur- en Sterrenkunde - joint degree UvA-VU, vrije opleiding",NLD,VOLTIJD,Amsterdam
47936677-a8ea-4e48-b821-c60c0cc5e9b3,434,cp-000418,mapped,1001O6001,Universiteit van Amsterdam,Nederlandse Taal en Cultuur,NLD,DEELTIJD,Amsterdam
771b91c4-35a9-46c9-8dc6-d2467c00e82e,434,cp-000418,mapped,1001O6001,Universiteit van Amsterdam,Nederlandse Taal en Cultuur,NLD,VOLTIJD,Amsterdam
08d5fa04-0126-45a6-a7b9-c6d09f6c5ac0,435,cp-000419,mapped,1001O6034,Universiteit van Amsterdam,Nieuwgriekse Taal en Cultuur,NLD,DEELTIJD,Amsterdam
be408e0b-5b6a-4f84-b28a-e9cb5ef922cf,435,cp-000419,mapped,1001O6034,Universiteit van Amsterdam,Nieuwgriekse Taal en Cultuur,NLD,VOLTIJD,Amsterdam
eca2e5cf-22bd-41fb-a37f-8c7025cfbe96,436,cp-000420,mapped,1001O5621,Universiteit van Amsterdam,Onderwijswetenschappen,NLD,VOLTIJD,Amsterdam
83487458-5b66-41a1-a8d3-f8d6aba51d15,437,cp-000421,mapped,1001O5982,Universiteit van Amsterdam,Oudheidwetenschappen,NLD,VOLTIJD,Amsterdam
db6e3afc-535d-477e-932e-3b8b1b7e8090,437,cp-000421,mapped,1001O5982,Universiteit van Amsterdam,Oudheidwetenschappen,ENG,VOLTIJD,Amsterdam
2a94e6ea-bf89-4ba7-b221-7be5c59a3367,438,cp-000422,mapped,1001O5947,Universiteit van Amsterdam,Pedagogische Wetenschappen,NLD,VOLTIJD,Amsterdam
ad87eb0d-2f14-44a7-bddd-e7aba90a3a2f,439,cp-000422,mapped,1001O5947,Universiteit van Amsterdam,Pedagogische Wetenschappen - vrije opleiding,NLD,VOLTIJD,Amsterdam
49a012b7-3c49-4945-8573-2ac9dde76bdc,440,cp-000423,mapped,1001O5940,Universiteit van Amsterdam,Politicologie,NLD,VOLTIJD,Amsterdam
c5b405f6-5258-4b20-b3d7-0e2b55bfc8bc,440,cp-000423,mapped,1001O5940,Universiteit van Amsterdam,Politicologie,ENG,VOLTIJD,Amsterdam
2de5894c-cefb-4f0c-a197-2a91979c01f1,441,cp-000424,mapped,1001O6228,Universiteit van Amsterdam,"Politics, Psychology, Law and Economics",ENG,VOLTIJD,Amsterdam
6dcb9e94-80c0-459d-93d0-e61a48116f74,442,cp-000425,mapped,1001O5635,Universiteit van Amsterdam,Psychobiologie,NLD,VOLTIJD,Amsterdam
f82c5251-8e40-43e8-9665-f38eabb95cb6,443,cp-000426,mapped,1001O5934,Universiteit van Amsterdam,Psychologie,NLD,VOLTIJD,Amsterdam
fa040681-37c6-4aff-b334-f52257f062e8,443,cp-000426,mapped,1001O5934,Universiteit van Amsterdam,Psychologie,ENG,VOLTIJD,Amsterdam
68ca6bd2-ced4-4c39-b97a-873a9f92afa2,444,cp-000427,mapped,1001O5729,Universiteit van Amsterdam,Rechtsgeleerdheid,NLD,VOLTIJD,Amsterdam
453f0ce2-32d1-4c6e-be8c-9bd987179761,445,cp-000428,mapped,1001O5753,Universiteit van Amsterdam,Religiewetenschappen,NLD,VOLTIJD,Amsterdam
cfa95ea5-3b0c-481c-aa7f-a1f54186655e,445,cp-000428,mapped,1001O5753,Universiteit van Amsterdam,Religiewetenschappen,NLD,DEELTIJD,Amsterdam
139aacaa-88bc-470d-8cbf-1a257778263e,446,cp-000429,mapped,1001O6017,Universiteit van Amsterdam,Scandinavische Talen en Culturen,NLD,VOLTIJD,Amsterdam
4980df80-eb51-478f-b5bf-daf9717cb766,446,cp-000429,mapped,1001O6017,Universiteit van Amsterdam,Scandinavische Talen en Culturen,NLD,DEELTIJD,Amsterdam
574bca6e-fdfb-4670-88e0-eef026f06a39,447,cp-000430,mapped,1001O5795,Universiteit van Amsterdam,Scheikunde - joint degree UvA-VU,NLD,VOLTIJD,Amsterdam
fd9b4604-7567-4e74-bcae-a872e1c6a9c6,448,cp-000430,mapped,1001O5795,Universiteit van Amsterdam,"Scheikunde - joint degree UvA-VU, vrije opleiding",NLD,VOLTIJD,Amsterdam
6c5eaecb-13e7-4efe-986e-a52b9ae3f8f8,449,cp-000431,mapped,1001O8898,Universiteit van Amsterdam,"Science, Technology & Innovation",NLD,VOLTIJD,Amsterdam
6b2a3216-8d29-47c4-97a1-4403f9e02848,450,cp-000432,mapped,1001O6033,Universiteit van Amsterdam,Slavische Talen en Culturen,NLD,VOLTIJD,Amsterdam
b77b5494-89b1-490f-96ae-c264fa45995f,450,cp-000432,mapped,1001O6033,Universiteit van Amsterdam,Slavische Talen en Culturen,NLD,DEELTIJD,Amsterdam
4b74d296-8c7a-462e-8c2b-81464a559e45,451,cp-000433,mapped,1001O6090,Universiteit van Amsterdam,Sociale Geografie en Planologie,ENG,VOLTIJD,Amsterdam
e6c6504d-91a8-4dc4-b1de-798cab94a09c,451,cp-000433,mapped,1001O6090,Universiteit van Amsterdam,Sociale Geografie en Planologie,NLD,VOLTIJD,Amsterdam
ba02666c-1cb9-4bc4-a00b-150ed4601cfb,452,cp-000434,mapped,1001O5924,Universiteit van Amsterdam,Sociologie,ENG,VOLTIJD,Amsterdam
c471d586-ef99-4ee3-ad95-c217eaf7df55,452,cp-000434,mapped,1001O5924,Universiteit van Amsterdam,Sociologie,NLD,VOLTIJD,Amsterdam
8065a6a8-112a-4871-af1c-b90e7360d416,453,cp-000435,mapped,1001O6027,Universiteit van Amsterdam,Spaanse Taal en Cultuur,NLD,DEELTIJD,Amsterdam
90ed8c35-6e94-4339-b11c-984272d553d5,453,cp-000435,mapped,1001O6027,Universiteit van Amsterdam,Spaanse Taal en Cultuur,NLD,VOLTIJD,Amsterdam
371d2c94-f513-4138-b6ae-660d90577214,454,cp-000436,mapped,1001O5916,Universiteit van Amsterdam,Tandheelkunde,NLD,VOLTIJD,Amsterdam
7c3f4ffb-407f-48c2-a7d9-cc30f8d257a2,455,cp-000437,mapped,1001O5977,Universiteit van Amsterdam,Theaterwetenschap,NLD,DEELTIJD,Amsterdam
e7a55e85-926f-4944-85a5-86997d885a30,455,cp-000437,mapped,1001O5977,Universiteit van Amsterdam,Theaterwetenschap,NLD,VOLTIJD,Amsterdam
6fb89557-3029-465f-8b77-f295fa42a157,456,cp-000438,mapped,1001O6179,Universiteit van Amsterdam,Wiskunde,NLD,VOLTIJD,Amsterdam
8dd9af7e-f358-48fd-a806-d029248873af,457,cp-000438,mapped,1001O6179,Universiteit van Amsterdam,Wiskunde - vrije opleiding,NLD,VOLTIJD,Amsterdam
6c49d7f1-0b98-4704-88a1-55ee7b5c3c93,458,cp-000439,mapped,1001O6075,Wageningen University,Bachelor Agrotechnologie,NLD,VOLTIJD,Wageningen
a3d9dae9-3881-48fb-95e1-c01c262ce10d,459,cp-000440,mapped,1001O6086,Wageningen University,Bachelor Bedrijfs- en Consumentenwetenschappen,NLD,VOLTIJD,Wageningen
5ce23bf5-a164-40ec-860d-9a9e658b2ee1,460,cp-000441,mapped,1001O6120,Wageningen University,Bachelor Biologie,NLD,VOLTIJD,Wageningen
d41d11c9-defb-4ddc-ba36-121833f4c471,461,cp-000442,mapped,1001O6094,Wageningen University,Bachelor Biotechnologie,NLD,VOLTIJD,Wageningen
06553018-af59-4c64-9c76-6891c87bdaa8,462,cp-000443,mapped,1016O0967,Wageningen University,Bachelor Bos- en Natuurbeheer,NLD,VOLTIJD,Wageningen
f4f8d9b8-44c6-4f36-9141-2975c9bdfddb,463,cp-000444,mapped,1016O0968,Wageningen University,Bachelor Bos- en Natuurbeheer DD-SLU,NLD,VOLTIJD,Wageningen
0ef5aada-c443-4b30-84a0-44ce7d9f54fa,464,cp-000445,mapped,1001O5637,Wageningen University,Bachelor Communicatie en Life Sciences,NLD,VOLTIJD,Wageningen
8c97e2eb-5700-48d3-876d-7cef63ab71fd,465,cp-000446,mapped,1001O5657,Wageningen University,Bachelor Economie en Beleid,NLD,VOLTIJD,Wageningen
bd3b3624-ef42-4573-9950-9539e910799f,466,cp-000447,mapped,1001O5641,Wageningen University,Bachelor Gezondheid en Maatschappij,NLD,VOLTIJD,Wageningen
5a82bb26-c36a-4c75-aca1-f54a337bbc01,467,cp-000448,mapped,1001O5656,Wageningen University,Bachelor International Land and Water Management,ENG,VOLTIJD,Wageningen
033ba99f-0891-47ee-9c22-d48254149af9,468,cp-000449,mapped,1001O6087,Wageningen University,Bachelor Internationale Ontwikkelingsstudies,NLD,VOLTIJD,Wageningen
b648c0d7-7d11-40b8-b0fc-36fef3654dbd,469,cp-000450,mapped,1001O6102,Wageningen University,Bachelor Landschapsarchitectuur& Ruimtelijke Planning,NLD,VOLTIJD,Wageningen
9bde9a6f-2a0d-4027-baf7-fa310c2d7e6a,470,cp-000451,mapped,1001O8838,Wageningen University,Bachelor Marine Sciences,ENG,VOLTIJD,Wageningen
ce928325-faf8-4029-8957-0105cb1989a7,471,cp-000452,mapped,1001O6222,Wageningen University,Bachelor Moleculaire Levenswetenschappen,NLD,VOLTIJD,Wageningen
82cea61d-2093-4d3e-8196-48872cae74d3,472,cp-000453,mapped,1001O6085,Wageningen University,Bachelor Plantenwetenschappen,NLD,VOLTIJD,Wageningen
90cd79fe-16df-43ec-a331-59ee7611b0ac,473,cp-000454,mapped,1001O6124,Wageningen University,Bachelor Voeding en Gezondheid,NLD,VOLTIJD,Wageningen
b0cafb91-3150-44d8-9669-b8ecdc7178ef,474,cp-000455,mapped,1001O6103,Wageningen University,Bachelor's Animal Sciences,ENG,VOLTIJD,Wageningen
b80cca66-4d2f-414c-a4ed-7b3e2ad60645,475,cp-000456,mapped,1016O1728,Wageningen University,Bachelor's Data Science for Global Challenges,NLD,VOLTIJD,Wageningen
3cb0ff99-11d9-4cc5-864f-8adfc16fd1b6,476,cp-000457,mapped,1001O6167,Wageningen University,Bachelor's Earth System Sciences,ENG,VOLTIJD,Wageningen
c71f245e-cfef-4fac-b4a4-838ef94997fd,477,cp-000458,mapped,1001O5876,Wageningen University,Bachelor's Environmental Sciences,ENG,VOLTIJD,Wageningen
d1eaeda8-1e1d-4e33-adf1-73704cd48e00,478,cp-000459,mapped,1001O6168,Wageningen University,Bachelor's Food Technology,ENG,VOLTIJD,Wageningen
9d7ec0ba-2e49-4c7b-a244-c3b0a10c3270,479,cp-000460,mapped,1001O5780,Wageningen University,Bachelor's Tourism (joint degree),NLD,VOLTIJD,Breda
