case_id,case_type,priority,source_excel_rows_json,offering_ids_json,programme_unit_codes_json,programme_names_json,providers_json,trigger_fields_json,details_json,research_likely,status
rc-0001,special-programme-structure-review,P1,[9],"[""0bad61cb-025a-5d99-e063-6ff1ff0aab5f""]","[""1015O5189""]","[""BSc2 Econometrics""]","[""Erasmus Universiteit Rotterdam""]","[""programme_name_keyword"",""SAMENWERKEND_MET"",""BUITENLANDSEPARTNER""]","{""special_name_indicator"":true,""collaboration_values"":[]}",true,pending
rc-0002,special-programme-structure-review,P1,[10],"[""0bac182b-82b1-5088-e063-6ff1ff0a75e4""]","[""1015O5163""]","[""BSc2 Economics""]","[""Erasmus Universiteit Rotterdam""]","[""programme_name_keyword"",""SAMENWERKEND_MET"",""BUITENLANDSEPARTNER""]","{""special_name_indicator"":true,""collaboration_values"":[]}",true,pending
rc-0003,special-programme-structure-review,P1,[15],"[""585a2167-fabe-49d0-a8ca-5604f70d5fe1""]","[""1016O6103""]","[""RASL Dual Degree Philosophy en WdKA""]","[""Erasmus Universiteit Rotterdam""]","[""programme_name_keyword"",""SAMENWERKEND_MET"",""BUITENLANDSEPARTNER""]","{""special_name_indicator"":true,""collaboration_values"":[]}",true,pending
rc-0004,programme-lifecycle-review,P2,[18],"[""0bad51c1-b436-4e64-e063-6ff1ff0aea47""]","[""1015O5170""]","[""Fiscale Economie""]","[""Erasmus Universiteit Rotterdam""]","[""AANGEBODEN_OPLEIDING_EINDDATUM""]","{""AANGEBODEN_OPLEIDING_EINDDATUM"":[""2029-08-31""]}",true,pending
rc-0005,programme-lifecycle-review,P2,[47],"[""ff66a977-b280-4159-b41b-ea3222e2aee1""]","[""1001O5640""]","[""European Law School""]","[""Radboud Universiteit Nijmegen (RU) Faculteit der Rechtsgeleerdheid""]","[""EINDDATUM""]","{""EINDDATUM"":[""2027-09-01""]}",true,pending
rc-0006,multiple-programme-units-in-source-row,P1,[58],"[""1c80d61e-8f91-434d-a83c-c22bcf0a2c3e"",""d514a08b-89d8-4f6b-9e79-1695fb4f6ee4""]","[""1016O6658"",""1016O6836""]","[""Islam, Politiek en Samenleving""]","[""Radboud Universiteit Nijmegen (RU) Faculteit der FTR""]","[""OPLEIDINGSEENHEIDCODE""]","{""OPLEIDINGSEENHEIDCODE"":[""1016O6658"",""1016O6836""]}",true,pending
rc-0007,multiple-programme-units-in-source-row,P1,[64],"[""bec73d07-6710-4b89-89e7-1b6093b6805e"",""c0f0b972-978b-416d-95a4-39b4536c2589""]","[""1016O6840"",""1016O6841""]","[""Notarieel Recht""]","[""Radboud Universiteit Nijmegen (RU) Faculteit der Rechtsgeleerdheid""]","[""OPLEIDINGSEENHEIDCODE""]","{""OPLEIDINGSEENHEIDCODE"":[""1016O6840"",""1016O6841""]}",true,pending
rc-0008,multiple-programme-units-in-source-row,P1,[70],"[""3b90cff7-4033-4b7d-a674-ef9269c537d4"",""e87e02ad-4cad-404b-9663-018c7c735a21""]","[""1016O6834"",""1016O6835""]","[""Rechtsgeleerdheid""]","[""Radboud Universiteit Nijmegen (RU) Faculteit der Rechtsgeleerdheid""]","[""OPLEIDINGSEENHEIDCODE""]","{""OPLEIDINGSEENHEIDCODE"":[""1016O6834"",""1016O6835""]}",true,pending
rc-0009,multiple-programme-units-in-source-row,P1,[71],"[""503d783b-e952-44a0-9894-aa05e4cf0dd9"",""f008aeab-6b6d-4b74-9bc7-58c7a6bceabe""]","[""1016O6659"",""1016O6837""]","[""Religie, Politiek en Samenleving""]","[""Radboud Universiteit Nijmegen (RU) Faculteit der FTR""]","[""OPLEIDINGSEENHEIDCODE""]","{""OPLEIDINGSEENHEIDCODE"":[""1016O6659"",""1016O6837""]}",true,pending
rc-0010,multiple-programme-units-in-source-row,P1,[78],"[""ba0182f6-7593-48de-98a6-64ef86114a23"",""cefb4922-5684-4ad3-b71e-5e3e7117bbf6""]","[""1016O6838"",""1016O6839""]","[""Theologie""]","[""Radboud Universiteit Nijmegen (RU) Faculteit der FTR""]","[""OPLEIDINGSEENHEIDCODE""]","{""OPLEIDINGSEENHEIDCODE"":[""1016O6838"",""1016O6839""]}",true,pending
rc-0011,programme-lifecycle-review,P2,[88],"[""ce95e488-4fb0-4673-ad37-593a42a45b6d""]","[""1001O6233""]","[""Biomedical Sciences""]","[""VU - Vrije Universiteit Amsterdam""]","[""EINDDATUM""]","{""EINDDATUM"":[""2026-09-01""]}",true,pending
rc-0012,special-programme-structure-review,P1,[128],"[""ce9c0cb0-77b0-4c5b-a50e-7774287eb2d5""]","[""1001O5782""]","[""Liberal Arts and Sciences (joint degree)""]","[""Universiteit van Amsterdam""]","[""programme_name_keyword"",""SAMENWERKEND_MET"",""BUITENLANDSEPARTNER""]","{""special_name_indicator"":true,""collaboration_values"":[""111A136""]}",true,pending
rc-0013,multiple-languages-in-source-row,P1,[157],"[""01500bba-81d9-45a0-bc40-73c7c1b8b883"",""96bc9a22-5859-48d9-92c8-ea7aa5d6cb17""]","[""1001O5728""]","[""Rechtsgeleerdheid""]","[""Universiteit Maastricht""]","[""VOERTAAL""]","{""VOERTAAL"":[""ENG"",""NLD""]}",true,pending
rc-0014,special-programme-structure-review,P1,[160],"[""1f54541f-c421-4c9a-9ee8-d3cd965530b9""]","[""1016O2836""]","[""Urban Sustainability Studies (joint degree)""]","[""Universiteit Maastricht""]","[""programme_name_keyword"",""SAMENWERKEND_MET"",""BUITENLANDSEPARTNER""]","{""special_name_indicator"":true,""collaboration_values"":[]}",true,pending
rc-0015,missing-core-registry-metadata,P1,[164],"[""9301643e-650b-4e17-84cf-4e7bb3c81d59""]","[""1001O6175""]","[""Informatica""]","[""Open Universiteit""]","[""VOERTAAL""]","{""missing_fields"":[""VOERTAAL""]}",true,pending
rc-0016,missing-core-registry-metadata,P1,[169],"[""8a8ac1ca-8dbc-4ccc-9603-1b491d0e0b76""]","[""1016O1755""]","[""Theologie""]","[""Protestantse Theologische Universiteit""]","[""VOERTAAL""]","{""missing_fields"":[""VOERTAAL""]}",true,pending
rc-0017,missing-core-registry-metadata,P1,[170],"[""7ec8283e-6bf0-481c-97ee-5902e80e485f"",""bd01dacc-7403-4f20-8f80-bc57d2b8e87c""]","[""1001O5786""]","[""Theologie (joint degree)""]","[""Protestantse Theologische Universiteit""]","[""VOERTAAL""]","{""missing_fields"":[""VOERTAAL""]}",true,pending
rc-0018,programme-lifecycle-review,P2,[170],"[""7ec8283e-6bf0-481c-97ee-5902e80e485f"",""bd01dacc-7403-4f20-8f80-bc57d2b8e87c""]","[""1001O5786""]","[""Theologie (joint degree)""]","[""Protestantse Theologische Universiteit""]","[""EINDDATUM"",""AANGEBODEN_OPLEIDING_EINDDATUM""]","{""EINDDATUM"":[""2029-09-01""],""AANGEBODEN_OPLEIDING_EINDDATUM"":[""2029-09-01""]}",true,pending
rc-0019,special-programme-structure-review,P1,[170],"[""7ec8283e-6bf0-481c-97ee-5902e80e485f"",""bd01dacc-7403-4f20-8f80-bc57d2b8e87c""]","[""1001O5786""]","[""Theologie (joint degree)""]","[""Protestantse Theologische Universiteit""]","[""programme_name_keyword"",""SAMENWERKEND_MET"",""BUITENLANDSEPARTNER""]","{""special_name_indicator"":true,""collaboration_values"":[""111A136""]}",true,pending
rc-0020,multiple-languages-in-source-row,P1,[178],"[""9a7d3271-edc5-4cb6-b9d6-c0961afb1eb7"",""d5f3bff1-0da9-493b-8fdb-de0f2e57ce8a""]","[""1001O6056""]","[""Communicatie- en Informatiewetenschappen""]","[""Rijksuniversiteit Groningen""]","[""VOERTAAL""]","{""VOERTAAL"":[""ENG"",""NLD""]}",true,pending
rc-0021,multiple-languages-in-source-row,P1,[184],"[""82208812-6628-4218-9bc3-75899aa22507"",""ae66d52f-a2cd-4901-a3d9-758d1def7154""]","[""1001O5866""]","[""Europese Talen en Culturen""]","[""Rijksuniversiteit Groningen""]","[""VOERTAAL""]","{""VOERTAAL"":[""ENG"",""NLD""]}",true,pending
rc-0022,multiple-languages-in-source-row,P1,[189],"[""9c581084-e27a-4479-8319-da52b189f6c5"",""b49220e3-6bad-4151-bc7b-26353b11b190"",""bca85496-aabf-4684-a7c9-c8f94ad39a36"",""c6c14e5e-a173-4962-9bfc-c4f2349fbd91""]","[""1001O5817""]","[""Geschiedenis""]","[""Rijksuniversiteit Groningen""]","[""VOERTAAL""]","{""VOERTAAL"":[""ENG"",""NLD""]}",true,pending
rc-0023,programme-lifecycle-review,P2,[195],"[""2094d140-1f9f-4c1b-97dc-24e7fe031ce7""]","[""1001O6095""]","[""Informatiekunde""]","[""Rijksuniversiteit Groningen""]","[""AANGEBODEN_OPLEIDING_EINDDATUM"",""LAATSTE_INSTROOMDATUM""]","{""AANGEBODEN_OPLEIDING_EINDDATUM"":[""2030-09-01""],""LAATSTE_INSTROOMDATUM"":[""2027-09-01""]}",true,pending
rc-0024,multiple-languages-in-source-row,P1,[200],"[""9e23a930-ecf9-4d34-8d18-e67f01e7a0bd"",""a8535621-e4bd-4c12-ae3e-c6f3c9faa529""]","[""1001O5707""]","[""Kunsten, Cultuur en Media""]","[""Rijksuniversiteit Groningen""]","[""VOERTAAL""]","{""VOERTAAL"":[""ENG"",""NLD""]}",true,pending
rc-0025,programme-lifecycle-review,P2,[208],"[""d3f89b01-47e8-45a6-9784-af4673f05905"",""fcdcc818-1259-4ec2-8eb9-eb4fc45456e8""]","[""1001O5810""]","[""Minorities & Multilingualism""]","[""Rijksuniversiteit Groningen""]","[""EINDDATUM"",""AANGEBODEN_OPLEIDING_EINDDATUM"",""LAATSTE_INSTROOMDATUM""]","{""EINDDATUM"":[""2031-09-01""],""AANGEBODEN_OPLEIDING_EINDDATUM"":[""2030-09-01"",""2031-09-01""],""LAATSTE_INSTROOMDATUM"":[""2026-09-01""]}",true,pending
rc-0026,programme-lifecycle-review,P2,[211],"[""0a7af361-bc30-4c15-8bf4-0e56c08fa50b""]","[""1001O5999""]","[""Nederlandse Taal en Cultuur""]","[""Rijksuniversiteit Groningen""]","[""EINDDATUM"",""AANGEBODEN_OPLEIDING_EINDDATUM""]","{""EINDDATUM"":[""2026-09-01""],""AANGEBODEN_OPLEIDING_EINDDATUM"":[""2026-09-01""]}",true,pending
rc-0027,multiple-languages-in-source-row,P1,[216],"[""4ab3b08b-8e82-4cb5-ac50-8e55c3a64810"",""6f88b5d5-d5af-4775-b07a-87773fd3535b""]","[""1001O5929""]","[""Psychologie""]","[""Rijksuniversiteit Groningen""]","[""VOERTAAL""]","{""VOERTAAL"":[""ENG"",""NLD""]}",true,pending
rc-0028,multiple-locations-in-source-row,P1,[217],"[""048b86d5-80b4-47c6-b575-2978bc2c9676"",""9b40f5fa-8bae-4ebc-a6dd-7fef966024ff""]","[""1001O5725""]","[""Rechtsgeleerdheid""]","[""Rijksuniversiteit Groningen""]","[""ONDERWIJSLOCATIECODE"",""ONDERWIJSLOCATIEPLAATS""]","{""ONDERWIJSLOCATIECODE"":[""114X066"",""114X067""],""ONDERWIJSLOCATIEPLAATS"":[""Groningen"",""Leeuwarden""]}",true,pending
rc-0029,multiple-languages-in-source-row,P1,[218],"[""1ae42d82-855c-4125-8003-9e75ec2d1418"",""e8c968b9-ccc9-4d44-9583-ec3d6611faf4""]","[""1001O5751""]","[""Religiewetenschappen""]","[""Rijksuniversiteit Groningen""]","[""VOERTAAL""]","{""VOERTAAL"":[""ENG"",""NLD""]}",true,pending
rc-0030,missing-core-registry-metadata,P1,[232],"[""e49d865c-85a9-44a2-b0b0-07d36e668ba0""]","[""1016O1090""]","[""B Bedrijfskunde""]","[""Tilburg University""]","[""STUDIELAST"",""VARIANT_VAN""]","{""missing_fields"":[""STUDIELAST"",""VARIANT_VAN""]}",true,pending
rc-0031,missing-core-registry-metadata,P1,[247],"[""497276e4-db19-46ab-9e63-69cbacc4023c""]","[""1016O1094""]","[""B Data Science (joint degree)""]","[""Tilburg University""]","[""STUDIELAST"",""ERKENDEOPLEIDINGSCODE""]","{""missing_fields"":[""STUDIELAST"",""ERKENDEOPLEIDINGSCODE""]}",true,pending
rc-0032,special-programme-structure-review,P1,[247],"[""497276e4-db19-46ab-9e63-69cbacc4023c""]","[""1016O1094""]","[""B Data Science (joint degree)""]","[""Tilburg University""]","[""programme_name_keyword"",""SAMENWERKEND_MET"",""BUITENLANDSEPARTNER""]","{""special_name_indicator"":true,""collaboration_values"":[]}",true,pending
rc-0033,missing-core-registry-metadata,P1,[253],"[""b6a0ccc1-41ca-4c13-b4e7-71b5c05e541e""]","[""1016O0438""]","[""B Fiscale Economie""]","[""Tilburg University""]","[""STUDIELAST"",""ERKENDEOPLEIDINGSCODE""]","{""missing_fields"":[""STUDIELAST"",""ERKENDEOPLEIDINGSCODE""]}",true,pending
rc-0034,multiple-locations-in-source-row,P1,[257],"[""3f6223e1-1733-4157-a138-60f2e6fb6ca5"",""7a3f3634-f5b8-47bd-8d43-3c9dcd72fb45"",""aef8281f-a56c-468f-bf61-3a17f47bf374"",""b19a72e3-1d14-42c4-b26d-6fe47bd3d926""]","[""1001O5858""]","[""Theologie""]","[""Tilburg University""]","[""ONDERWIJSLOCATIECODE"",""ONDERWIJSLOCATIEPLAATS""]","{""ONDERWIJSLOCATIECODE"":[""111X362"",""114X187""],""ONDERWIJSLOCATIEPLAATS"":[""Tilburg"",""Utrecht""]}",true,pending
rc-0035,special-programme-structure-review,P1,[278],"[""0a965189-5d8c-06f5-e063-6f2ba8c07429""]","[""1015O6359""]","[""Data Science""]","[""Technische Universiteit Eindhoven""]","[""programme_name_keyword"",""SAMENWERKEND_MET"",""BUITENLANDSEPARTNER""]","{""special_name_indicator"":false,""collaboration_values"":[""112A446""]}",true,pending
rc-0036,missing-core-registry-metadata,P1,[281],"[""27e23ff8-9996-49de-a45e-7a4c9d7f8eef""]","[""1016O3578""]","[""Mechanical Engineering""]","[""Technische Universiteit Eindhoven""]","[""STUDIELAST"",""VARIANT_VAN""]","{""missing_fields"":[""STUDIELAST"",""VARIANT_VAN""]}",true,pending
rc-0037,programme-lifecycle-review,P2,[289],"[""e4de27b6-ec9d-46b7-a9f0-7ade138b1ed3""]","[""1001O5859""]","[""Theologie""]","[""Theologische Universiteit Apeldoorn""]","[""AANGEBODEN_OPLEIDING_EINDDATUM""]","{""AANGEBODEN_OPLEIDING_EINDDATUM"":[""2029-08-30""]}",true,pending
rc-0038,programme-lifecycle-review,P2,[298],"[""42fe62d2-354f-45be-9b1d-97b1585e296b"",""a9549a79-15f5-4667-9dea-35a7730a8be7""]","[""1001O5899""]","[""Criminologie""]","[""Universiteit Leiden""]","[""AANGEBODEN_OPLEIDING_EINDDATUM""]","{""AANGEBODEN_OPLEIDING_EINDDATUM"":[""2031-08-31""]}",true,pending
rc-0039,programme-lifecycle-review,P2,[307],"[""13740343-8cc0-4857-a859-d1af59425991"",""c2311d3c-2fb8-4a92-893b-5857b81f4ced""]","[""1001O6061""]","[""Fiscaal Recht""]","[""Universiteit Leiden""]","[""AANGEBODEN_OPLEIDING_EINDDATUM""]","{""AANGEBODEN_OPLEIDING_EINDDATUM"":[""2031-08-31""]}",true,pending
rc-0040,multiple-locations-in-source-row,P1,[312],"[""a4812baf-728b-4150-8051-5905a14a0505"",""ebd8088f-01e9-43dc-bc37-0fbafc517019""]","[""1001O6169""]","[""Informatica""]","[""Universiteit Leiden""]","[""ONDERWIJSLOCATIECODE"",""ONDERWIJSLOCATIEPLAATS""]","{""ONDERWIJSLOCATIECODE"":[""114X175"",""114X176""],""ONDERWIJSLOCATIEPLAATS"":[""'s-Gravenhage"",""Leiden""]}",true,pending
rc-0041,special-programme-structure-review,P1,[321],"[""d0fe8a4d-c5a0-449f-b2a7-0f8aa5bad97e""]","[""1001O5791""]","[""Molecular Science and Technology (joint degree)""]","[""Universiteit Leiden""]","[""programme_name_keyword"",""SAMENWERKEND_MET"",""BUITENLANDSEPARTNER""]","{""special_name_indicator"":true,""collaboration_values"":[""111A562""]}",true,pending
rc-0042,programme-lifecycle-review,P2,[325],"[""2a8b67fc-e8eb-4845-a1b1-2f11864f7170"",""3420ec7c-ba55-4c48-9ddd-ac41f209c0b0""]","[""1001O6067""]","[""Notarieel Recht""]","[""Universiteit Leiden""]","[""AANGEBODEN_OPLEIDING_EINDDATUM""]","{""AANGEBODEN_OPLEIDING_EINDDATUM"":[""2031-08-31""]}",true,pending
rc-0043,multiple-locations-in-source-row,P1,[328],"[""0ba7c2f3-63cb-4e02-813f-abc71688802f"",""ef79d6dd-18b5-46f5-aa58-7e95d38c4138""]","[""1001O5939""]","[""Politicologie""]","[""Universiteit Leiden""]","[""ONDERWIJSLOCATIECODE"",""ONDERWIJSLOCATIEPLAATS""]","{""ONDERWIJSLOCATIECODE"":[""114X175"",""114X176""],""ONDERWIJSLOCATIEPLAATS"":[""'s-Gravenhage"",""Leiden""]}",true,pending
rc-0044,programme-lifecycle-review,P2,[330],"[""4d5b3ac7-9c43-4696-bfde-02ec758cb4c9"",""9f454950-1598-4f30-9472-eaad8d2011cb""]","[""1001O5724""]","[""Rechtsgeleerdheid""]","[""Universiteit Leiden""]","[""AANGEBODEN_OPLEIDING_EINDDATUM""]","{""AANGEBODEN_OPLEIDING_EINDDATUM"":[""2031-08-31""]}",true,pending
rc-0045,missing-core-registry-metadata,P1,[340],"[""378a7b38-6d8e-4e6f-8050-7d9af08a60d6""]","[""1015O6816""]","[""Bachelor Civil Engineering""]","[""Universiteit Twente""]","[""STUDIELAST"",""VARIANT_VAN""]","{""missing_fields"":[""STUDIELAST"",""VARIANT_VAN""]}",true,pending
rc-0046,multiple-languages-in-source-row,P1,[390],"[""1df36934-4bdf-4a60-90df-20739ffdc3c7"",""f3749f99-6a24-41cf-8386-298f1fb54a06""]","[""1001O5889""]","[""Actuariële Wetenschappen""]","[""Universiteit van Amsterdam""]","[""VOERTAAL""]","{""VOERTAAL"":[""ENG"",""NLD""]}",true,pending
rc-0047,multiple-languages-in-source-row,P1,[392],"[""9d8a6a84-94bd-41a3-8d3a-359980448143"",""cd831aad-7a2c-428b-8bd3-97bb38b428bc""]","[""1001O5980""]","[""Archeologie""]","[""Universiteit van Amsterdam""]","[""VOERTAAL""]","{""VOERTAAL"":[""ENG"",""NLD""]}",true,pending
rc-0048,multiple-languages-in-source-row,P1,[395],"[""42b7c0d9-863c-432f-97c7-295ffa99990b"",""999c4bba-abe8-4069-95c2-390361eeba8f""]","[""1001O5748""]","[""Business Administration""]","[""Universiteit van Amsterdam""]","[""VOERTAAL""]","{""VOERTAAL"":[""ENG"",""NLD""]}",true,pending
rc-0049,multiple-languages-in-source-row,P1,[401],"[""27133d09-ca94-4d70-934d-4b0db4e5daf5"",""a0272e06-7b1a-4f0a-b6d2-fea2838ae767""]","[""1001O5653""]","[""Culturele Antropologie en Ontwikkelingssociologie""]","[""Universiteit van Amsterdam""]","[""VOERTAAL""]","{""VOERTAAL"":[""ENG"",""NLD""]}",true,pending
rc-0050,multiple-languages-in-source-row,P1,[402],"[""2b5524e8-35c1-4920-ac16-6577b8c74547"",""ce1ff09d-b533-4b62-b0f2-fe93332d57b8""]","[""1001O5623""]","[""Cultuurwetenschappen""]","[""Universiteit van Amsterdam""]","[""VOERTAAL""]","{""VOERTAAL"":[""ENG"",""NLD""]}",true,pending
rc-0051,multiple-languages-in-source-row,P1,[404],"[""63a7f897-c4cc-4a32-80f8-b0fa4b83f8cf"",""bac6aef9-e05a-4616-85fc-452db1e421f9""]","[""1001O6240""]","[""Econometrics and Data Science""]","[""Universiteit van Amsterdam""]","[""VOERTAAL""]","{""VOERTAAL"":[""ENG"",""NLD""]}",true,pending
rc-0052,multiple-languages-in-source-row,P1,[405],"[""10b961de-2004-4b27-9ccc-4ae51842452d"",""fc877a6f-d277-4534-9ae7-d8ae000235ec""]","[""1001O6230""]","[""Economics and Business Economics""]","[""Universiteit van Amsterdam""]","[""VOERTAAL""]","{""VOERTAAL"":[""ENG"",""NLD""]}",true,pending
rc-0053,multiple-languages-in-source-row,P1,[407],"[""258bf8f7-6a62-4880-94e5-bb62b1e8de31"",""4ea8d232-54d8-46e0-8f76-8fa52951a6ca""]","[""1001O5830""]","[""Europese Studies""]","[""Universiteit van Amsterdam""]","[""VOERTAAL""]","{""VOERTAAL"":[""ENG"",""NLD""]}",true,pending
rc-0054,multiple-languages-in-source-row,P1,[429],"[""252f409e-9857-489c-99b0-43a9837b3e1e"",""27d8e360-40ab-480e-913f-f9c35a7e872c""]","[""1001O5759""]","[""Media en Cultuur""]","[""Universiteit van Amsterdam""]","[""VOERTAAL""]","{""VOERTAAL"":[""ENG"",""NLD""]}",true,pending
rc-0055,special-programme-structure-review,P1,[432],"[""2598755b-a567-4722-850b-6d3b0c10bd71""]","[""1001O5797""]","[""Natuur- en Sterrenkunde (joint degree)""]","[""Universiteit van Amsterdam""]","[""programme_name_keyword"",""SAMENWERKEND_MET"",""BUITENLANDSEPARTNER""]","{""special_name_indicator"":true,""collaboration_values"":[""111A136""]}",true,pending
rc-0056,special-programme-structure-review,P1,[433],"[""4e60cabd-e7d7-43b9-b7d9-b54cf857e71b""]","[""1001O5797""]","[""Natuur- en Sterrenkunde (joint degree)""]","[""Universiteit van Amsterdam""]","[""programme_name_keyword"",""SAMENWERKEND_MET"",""BUITENLANDSEPARTNER""]","{""special_name_indicator"":true,""collaboration_values"":[]}",true,pending
rc-0057,multiple-languages-in-source-row,P1,[437],"[""83487458-5b66-41a1-a8d3-f8d6aba51d15"",""db6e3afc-535d-477e-932e-3b8b1b7e8090""]","[""1001O5982""]","[""Oudheidwetenschappen""]","[""Universiteit van Amsterdam""]","[""VOERTAAL""]","{""VOERTAAL"":[""ENG"",""NLD""]}",true,pending
rc-0058,multiple-languages-in-source-row,P1,[440],"[""49a012b7-3c49-4945-8573-2ac9dde76bdc"",""c5b405f6-5258-4b20-b3d7-0e2b55bfc8bc""]","[""1001O5940""]","[""Politicologie""]","[""Universiteit van Amsterdam""]","[""VOERTAAL""]","{""VOERTAAL"":[""ENG"",""NLD""]}",true,pending
rc-0059,multiple-languages-in-source-row,P1,[443],"[""f82c5251-8e40-43e8-9665-f38eabb95cb6"",""fa040681-37c6-4aff-b334-f52257f062e8""]","[""1001O5934""]","[""Psychologie""]","[""Universiteit van Amsterdam""]","[""VOERTAAL""]","{""VOERTAAL"":[""ENG"",""NLD""]}",true,pending
rc-0060,special-programme-structure-review,P1,[447],"[""574bca6e-fdfb-4670-88e0-eef026f06a39""]","[""1001O5795""]","[""Scheikunde (joint degree)""]","[""Universiteit van Amsterdam""]","[""programme_name_keyword"",""SAMENWERKEND_MET"",""BUITENLANDSEPARTNER""]","{""special_name_indicator"":true,""collaboration_values"":[""111A136""]}",true,pending
rc-0061,special-programme-structure-review,P1,[448],"[""fd9b4604-7567-4e74-bcae-a872e1c6a9c6""]","[""1001O5795""]","[""Scheikunde (joint degree)""]","[""Universiteit van Amsterdam""]","[""programme_name_keyword"",""SAMENWERKEND_MET"",""BUITENLANDSEPARTNER""]","{""special_name_indicator"":true,""collaboration_values"":[]}",true,pending
rc-0062,multiple-languages-in-source-row,P1,[451],"[""4b74d296-8c7a-462e-8c2b-81464a559e45"",""e6c6504d-91a8-4dc4-b1de-798cab94a09c""]","[""1001O6090""]","[""Sociale Geografie en Planologie""]","[""Universiteit van Amsterdam""]","[""VOERTAAL""]","{""VOERTAAL"":[""ENG"",""NLD""]}",true,pending
rc-0063,multiple-languages-in-source-row,P1,[452],"[""ba02666c-1cb9-4bc4-a00b-150ed4601cfb"",""c471d586-ef99-4ee3-ad95-c217eaf7df55""]","[""1001O5924""]","[""Sociologie""]","[""Universiteit van Amsterdam""]","[""VOERTAAL""]","{""VOERTAAL"":[""ENG"",""NLD""]}",true,pending
rc-0064,special-programme-structure-review,P1,[479],"[""9d7ec0ba-2e49-4c7b-a244-c3b0a10c3270""]","[""1001O5780""]","[""Tourism (joint degree)""]","[""Wageningen University""]","[""programme_name_keyword"",""SAMENWERKEND_MET"",""BUITENLANDSEPARTNER""]","{""special_name_indicator"":true,""collaboration_values"":[]}",true,pending
rc-0065,programme-unit-reused-across-source-rows,P1,"[129,131,136]","[""0d410b58-f1ed-420d-a6c6-6d82b6b387a5"",""5750ee70-382d-4f8c-b825-7882060bb199"",""f03d1769-24ad-4555-bbc6-3f716281f9e8""]","[""1001O5622""]","[""Cultuurwetenschappen""]","[""Universiteit Maastricht""]","[""OPLEIDINGSEENHEIDCODE""]","{""source_rows"":[129,131,136],""modes"":{""129"":""VOLTIJD"",""131"":""VOLTIJD"",""136"":""VOLTIJD""},""languages"":{""129"":""ENG"",""131"":""ENG"",""136"":""NLD""},""names"":{""129"":""Cultuurwetenschappen"",""131"":""Cultuurwetenschappen"",""136"":""Cultuurwetenschappen""}}",true,pending
rc-0066,programme-unit-reused-across-source-rows,P1,"[140,141]","[""16abcb8d-4579-468d-97e4-cb94f05bd24b"",""641651e5-4ba0-47a1-bfa4-c0e81358f7ce""]","[""1001O5639""]","[""European Law School""]","[""Universiteit Maastricht""]","[""OPLEIDINGSEENHEIDCODE""]","{""source_rows"":[140,141],""modes"":{""140"":""VOLTIJD"",""141"":""VOLTIJD""},""languages"":{""140"":""ENG"",""141"":""NLD""},""names"":{""140"":""European Law School"",""141"":""European Law School""}}",true,pending
rc-0067,programme-unit-reused-across-source-rows,P1,"[96,97]","[""672aad0c-6c9e-44a6-a731-a75629f4364d"",""788cccf7-c0a9-4730-ac05-9037db20c33c""]","[""1001O5654""]","[""Culturele Antropologie en Ontwikkelingssociologie""]","[""VU - Vrije Universiteit Amsterdam""]","[""OPLEIDINGSEENHEIDCODE""]","{""source_rows"":[96,97],""modes"":{""96"":""VOLTIJD"",""97"":""VOLTIJD""},""languages"":{""96"":""ENG"",""97"":""NLD""},""names"":{""96"":""Culturele Antropologie en Ontwikkelingssociologie"",""97"":""Culturele Antropologie en Ontwikkelingssociologie""}}",true,pending
rc-0068,programme-unit-reused-across-source-rows,P1,"[150,151,161]","[""42ec19d9-0a2a-4c79-8bb8-0fadbf5b831e"",""c1d90502-0f43-42d1-8af0-f2bdb8b06925"",""fd3c72b5-6a80-44d6-b1aa-c0cb9c2d3a12""]","[""1001O5683""]","[""Liberal Arts and Sciences""]","[""Universiteit Maastricht""]","[""OPLEIDINGSEENHEIDCODE""]","{""source_rows"":[150,151,161],""modes"":{""150"":""VOLTIJD"",""151"":""VOLTIJD"",""161"":""VOLTIJD""},""languages"":{""150"":""ENG"",""151"":""ENG"",""161"":""ENG""},""names"":{""150"":""Liberal Arts and Sciences"",""151"":""Liberal Arts and Sciences"",""161"":""Liberal Arts and Sciences""}}",true,pending
rc-0069,programme-unit-reused-across-source-rows,P1,"[447,448]","[""574bca6e-fdfb-4670-88e0-eef026f06a39"",""fd9b4604-7567-4e74-bcae-a872e1c6a9c6""]","[""1001O5795""]","[""Scheikunde (joint degree)""]","[""Universiteit van Amsterdam""]","[""OPLEIDINGSEENHEIDCODE""]","{""source_rows"":[447,448],""modes"":{""447"":""VOLTIJD"",""448"":""VOLTIJD""},""languages"":{""447"":""NLD"",""448"":""NLD""},""names"":{""447"":""Scheikunde (joint degree)"",""448"":""Scheikunde (joint degree)""}}",true,pending
rc-0070,programme-unit-reused-across-source-rows,P1,"[432,433]","[""2598755b-a567-4722-850b-6d3b0c10bd71"",""4e60cabd-e7d7-43b9-b7d9-b54cf857e71b""]","[""1001O5797""]","[""Natuur- en Sterrenkunde (joint degree)""]","[""Universiteit van Amsterdam""]","[""OPLEIDINGSEENHEIDCODE""]","{""source_rows"":[432,433],""modes"":{""432"":""VOLTIJD"",""433"":""VOLTIJD""},""languages"":{""432"":""NLD"",""433"":""NLD""},""names"":{""432"":""Natuur- en Sterrenkunde (joint degree)"",""433"":""Natuur- en Sterrenkunde (joint degree)""}}",true,pending
rc-0071,programme-unit-reused-across-source-rows,P1,"[102,103]","[""798a0b06-9b15-4570-adf1-c7a67dce0e0c"",""b47b12d0-5a51-4fcd-8fdb-7c897f6da093""]","[""1001O5842""]","[""Filosofie""]","[""VU - Vrije Universiteit Amsterdam""]","[""OPLEIDINGSEENHEIDCODE""]","{""source_rows"":[102,103],""modes"":{""102"":""VOLTIJD"",""103"":""DEELTIJD""},""languages"":{""102"":""NLD"",""103"":""NLD""},""names"":{""102"":""Filosofie"",""103"":""Filosofie""}}",true,pending
rc-0072,programme-unit-reused-across-source-rows,P1,"[130,147]","[""7d5325c8-0ae3-42d7-8f99-c29c7d935b0b"",""9e8eacc4-3955-4fc7-b13f-da424683833f"",""c2defc5b-8cf2-4001-8c96-df5ac508f306""]","[""1001O5913""]","[""Gezondheidswetenschappen""]","[""Universiteit Maastricht""]","[""OPLEIDINGSEENHEIDCODE""]","{""source_rows"":[130,147],""modes"":{""130"":""DEELTIJD | VOLTIJD"",""147"":""VOLTIJD""},""languages"":{""130"":""ENG"",""147"":""NLD""},""names"":{""130"":""Gezondheidswetenschappen"",""147"":""Gezondheidswetenschappen""}}",true,pending
rc-0073,programme-unit-reused-across-source-rows,P1,"[155,156]","[""8f225667-a137-4f04-af87-8b39ba14301a"",""da6e801a-7826-4066-be6e-551d4d4b3365""]","[""1001O5933""]","[""Psychologie""]","[""Universiteit Maastricht""]","[""OPLEIDINGSEENHEIDCODE""]","{""source_rows"":[155,156],""modes"":{""155"":""VOLTIJD"",""156"":""VOLTIJD""},""languages"":{""155"":""NLD"",""156"":""ENG""},""names"":{""155"":""Psychologie"",""156"":""Psychologie""}}",true,pending
rc-0074,programme-unit-reused-across-source-rows,P1,"[120,121]","[""801e07a1-fac2-4d6c-b283-2dc654ccfd2c"",""c619837a-5628-4312-b0cf-7fa49962fcc5""]","[""1001O5941""]","[""Politicologie""]","[""VU - Vrije Universiteit Amsterdam""]","[""OPLEIDINGSEENHEIDCODE""]","{""source_rows"":[120,121],""modes"":{""120"":""VOLTIJD"",""121"":""VOLTIJD""},""languages"":{""120"":""ENG"",""121"":""NLD""},""names"":{""120"":""Politicologie"",""121"":""Politicologie""}}",true,pending
rc-0075,programme-unit-reused-across-source-rows,P1,"[438,439]","[""2a94e6ea-bf89-4ba7-b221-7be5c59a3367"",""ad87eb0d-2f14-44a7-bddd-e7aba90a3a2f""]","[""1001O5947""]","[""Pedagogische Wetenschappen""]","[""Universiteit van Amsterdam""]","[""OPLEIDINGSEENHEIDCODE""]","{""source_rows"":[438,439],""modes"":{""438"":""VOLTIJD"",""439"":""VOLTIJD""},""languages"":{""438"":""NLD"",""439"":""NLD""},""names"":{""438"":""Pedagogische Wetenschappen"",""439"":""Pedagogische Wetenschappen""}}",true,pending
rc-0076,programme-unit-reused-across-source-rows,P1,"[399,415]","[""38ecb419-e488-472b-874e-7961aff154ab"",""e28df739-fd5a-4962-8bae-287077a3b259""]","[""1001O5959""]","[""Communicatiewetenschap""]","[""Universiteit van Amsterdam""]","[""OPLEIDINGSEENHEIDCODE""]","{""source_rows"":[399,415],""modes"":{""399"":""VOLTIJD"",""415"":""VOLTIJD""},""languages"":{""399"":""NLD"",""415"":""ENG""},""names"":{""399"":""Communicatiewetenschap"",""415"":""Communicatiewetenschap""}}",true,pending
rc-0077,programme-unit-reused-across-source-rows,P1,"[92,93]","[""492cf5b7-8a2a-430f-90fe-9485f79d12c4"",""7fc2e861-5f38-46fb-b85e-4dd564a29527""]","[""1001O5960""]","[""Communicatiewetenschap""]","[""VU - Vrije Universiteit Amsterdam""]","[""OPLEIDINGSEENHEIDCODE""]","{""source_rows"":[92,93],""modes"":{""92"":""VOLTIJD"",""93"":""VOLTIJD""},""languages"":{""92"":""NLD"",""93"":""ENG""},""names"":{""92"":""Communicatiewetenschap"",""93"":""Communicatiewetenschap""}}",true,pending
rc-0078,programme-unit-reused-across-source-rows,P1,"[420,421]","[""8ab1d947-10ed-49e1-be37-cb73de3f8861"",""a03e2629-a352-4eeb-baaf-85f2423695d2""]","[""1001O6097""]","[""Informatiekunde""]","[""Universiteit van Amsterdam""]","[""OPLEIDINGSEENHEIDCODE""]","{""source_rows"":[420,421],""modes"":{""420"":""VOLTIJD"",""421"":""VOLTIJD""},""languages"":{""420"":""NLD"",""421"":""NLD""},""names"":{""420"":""Informatiekunde"",""421"":""Informatiekunde""}}",true,pending
rc-0079,programme-unit-reused-across-source-rows,P1,"[89,90]","[""82668260-7bb1-4df7-a78e-58e997ad50b5"",""9462caa7-abc2-4ee7-bcb4-b8c63dee5b8d""]","[""1001O6110""]","[""Business Analytics""]","[""VU - Vrije Universiteit Amsterdam""]","[""OPLEIDINGSEENHEIDCODE""]","{""source_rows"":[89,90],""modes"":{""89"":""VOLTIJD"",""90"":""DEELTIJD""},""languages"":{""89"":""ENG"",""90"":""ENG""},""names"":{""89"":""Business Analytics"",""90"":""Business Analytics""}}",true,pending
rc-0080,programme-unit-reused-across-source-rows,P1,"[418,419]","[""471bcc5c-8d13-4638-8011-4ed9e23359b3"",""e5ebc562-ca67-42c1-8d8a-6b3cfdadd071""]","[""1001O6172""]","[""Informatica""]","[""Universiteit van Amsterdam""]","[""OPLEIDINGSEENHEIDCODE""]","{""source_rows"":[418,419],""modes"":{""418"":""VOLTIJD"",""419"":""VOLTIJD""},""languages"":{""418"":""NLD"",""419"":""NLD""},""names"":{""418"":""Informatica"",""419"":""Informatica""}}",true,pending
rc-0081,programme-unit-reused-across-source-rows,P1,"[456,457]","[""6fb89557-3029-465f-8b77-f295fa42a157"",""8dd9af7e-f358-48fd-a806-d029248873af""]","[""1001O6179""]","[""Wiskunde""]","[""Universiteit van Amsterdam""]","[""OPLEIDINGSEENHEIDCODE""]","{""source_rows"":[456,457],""modes"":{""456"":""VOLTIJD"",""457"":""VOLTIJD""},""languages"":{""456"":""NLD"",""457"":""NLD""},""names"":{""456"":""Wiskunde"",""457"":""Wiskunde""}}",true,pending
rc-0082,programme-unit-reused-across-source-rows,P1,"[112,113]","[""44db7501-62ed-4d02-ace4-95480fd96ef4"",""e07f169b-eaa6-4fd7-aaeb-23aeed81b942""]","[""1001O6232""]","[""Mathematics""]","[""VU - Vrije Universiteit Amsterdam""]","[""OPLEIDINGSEENHEIDCODE""]","{""source_rows"":[112,113],""modes"":{""112"":""VOLTIJD"",""113"":""DEELTIJD""},""languages"":{""112"":""ENG"",""113"":""ENG""},""names"":{""112"":""Mathematics"",""113"":""Mathematics""}}",true,pending
rc-0083,known-first-batch-identity-anomaly,P1,[2],"[""0cda5cdf-a7d9-248e-e063-6ff1ff0a9669""]","[""1015O5181""]","[""Academische Pabo""]","[""Erasmus Universiteit Rotterdam""]","[""programme_identity""]","{""note"":""First production batch established that the current student-facing programme identity does not cleanly match this registry representation; resolve in the research stage.""}",true,pending
